edge_id,source,target,edge_type,paper_id
E000001,ICT_L1_ハードウェア,ICT_L2_タブレット端末,hierarchy,
E000002,ICT_L2_タブレット端末,ICT_L3_NEXUS7,hierarchy,
E000003,FUNCTION_L1_可視化・表示系機能,FUNCTION_L2_映像・画像の表示・拡大,hierarchy,
E000004,FUNCTION_L2_映像・画像の表示・拡大,FUNCTION_L3_顕微鏡映像をタブレット画面に表示,hierarchy,
E000005,ICT_L3_NEXUS7,FUNCTION_L3_顕微鏡映像をタブレット画面に表示,ict_function,1
E000006,FUNCTION_L2_映像・画像の表示・拡大,FUNCTION_L3_顕微鏡以上の拡大表示が可能,hierarchy,
E000007,ICT_L3_NEXUS7,FUNCTION_L3_顕微鏡以上の拡大表示が可能,ict_function,1
E000008,OPPORTUNITY_L2_微細な物質や構造の変化を捉える観察,OPPORTUNITY_L3_タブレット顕微鏡を用いてブラウン運動を協働的に観察する活動,hierarchy,
E000009,FUNCTION_L3_顕微鏡映像をタブレット画面に表示,OPPORTUNITY_L3_タブレット顕微鏡を用いてブラウン運動を協働的に観察する活動,function_opportunity,1
E000010,FUNCTION_L3_顕微鏡以上の拡大表示が可能,OPPORTUNITY_L3_タブレット顕微鏡を用いてブラウン運動を協働的に観察する活動,function_opportunity,1
E000011,OPPORTUNITY_L2_意見や考察を交換し多様な視点を取りいれる討議活動,OPPORTUNITY_L3_観察結果をグループ内で共有しその内容について討議する活動,hierarchy,
E000012,FUNCTION_L3_顕微鏡映像をタブレット画面に表示,OPPORTUNITY_L3_観察結果をグループ内で共有しその内容について討議する活動,function_opportunity,1
E000013,FUNCTION_L3_顕微鏡以上の拡大表示が可能,OPPORTUNITY_L3_観察結果をグループ内で共有しその内容について討議する活動,function_opportunity,1
E000014,EFFECT_L2_科学的概念・法則の理解,EFFECT_L3_粒子の運動に関する理解が深まる,hierarchy,
E000015,OPPORTUNITY_L3_タブレット顕微鏡を用いてブラウン運動を協働的に観察する活動,EFFECT_L3_粒子の運動に関する理解が深まる,opportunity_effect,1
E000016,OPPORTUNITY_L3_観察結果をグループ内で共有しその内容について討議する活動,EFFECT_L3_粒子の運動に関する理解が深まる,opportunity_effect,1
E000017,EFFECT_L2_理科への興味・関心・意欲,EFFECT_L3_観察に対する意欲が高まる,hierarchy,
E000018,OPPORTUNITY_L3_タブレット顕微鏡を用いてブラウン運動を協働的に観察する活動,EFFECT_L3_観察に対する意欲が高まる,opportunity_effect,1
E000019,UNIT_L1_中学校,UNIT_L2_中学校1年,hierarchy,
E000020,UNIT_L2_中学校1年,UNIT_L3_化学,hierarchy,
E000021,UNIT_L3_化学,UNIT_L4_物質のすがた（身の回りの物質とその性質）,hierarchy,
E000022,EFFECT_L3_粒子の運動に関する理解が深まる,UNIT_L4_物質のすがた（身の回りの物質とその性質）,effect_unit,1
E000023,EFFECT_L3_観察に対する意欲が高まる,UNIT_L4_物質のすがた（身の回りの物質とその性質）,effect_unit,1
E000024,ICT_L2_タブレット端末,ICT_L3_携帯端末,hierarchy,
E000025,ICT_L1_ソフトウェア,ICT_L2_観測・記録アプリ,hierarchy,
E000026,ICT_L2_観測・記録アプリ,ICT_L3_カメラアプリ,hierarchy,
E000027,ICT_L1_ソフトウェア,ICT_L2_メディア・映像・画像,hierarchy,
E000028,ICT_L2_メディア・映像・画像,ICT_L3_タイムラプス動画,hierarchy,
E000029,FUNCTION_L1_可視化・表示系機能,FUNCTION_L2_空間・地形情報の可視化,hierarchy,
E000030,FUNCTION_L2_空間・地形情報の可視化,FUNCTION_L3_雲の変化を短時間で視覚的に確認が可能,hierarchy,
E000031,ICT_L3_タイムラプス動画,FUNCTION_L3_雲の変化を短時間で視覚的に確認が可能,ict_function,3
E000032,FUNCTION_L2_空間・地形情報の可視化,FUNCTION_L3_雲の動きや発生を通して大気の運動を可視化が可能,hierarchy,
E000033,ICT_L3_タイムラプス動画,FUNCTION_L3_雲の動きや発生を通して大気の運動を可視化が可能,ict_function,3
E000034,FUNCTION_L1_学習支援・管理系機能,FUNCTION_L2_学習支援・管理,hierarchy,
E000035,FUNCTION_L2_学習支援・管理,FUNCTION_L3_個々の端末を用いていつでも撮影が可能,hierarchy,
E000036,ICT_L3_タイムラプス動画,FUNCTION_L3_個々の端末を用いていつでも撮影が可能,ict_function,3
E000037,FUNCTION_L1_分析・比較系機能,FUNCTION_L2_比較・探索機能,hierarchy,
E000038,FUNCTION_L2_比較・探索機能,FUNCTION_L3_撮影データを繰り返し分析・比較が可能,hierarchy,
E000039,OPPORTUNITY_L2_学びの成果を発表・伝達する活動,OPPORTUNITY_L3_自ら撮影した動画の分析結果を発表する活動,hierarchy,
E000040,FUNCTION_L3_雲の変化を短時間で視覚的に確認が可能,OPPORTUNITY_L3_自ら撮影した動画の分析結果を発表する活動,function_opportunity,3
E000041,FUNCTION_L3_雲の動きや発生を通して大気の運動を可視化が可能,OPPORTUNITY_L3_自ら撮影した動画の分析結果を発表する活動,function_opportunity,3
E000042,FUNCTION_L3_個々の端末を用いていつでも撮影が可能,OPPORTUNITY_L3_自ら撮影した動画の分析結果を発表する活動,function_opportunity,3
E000043,FUNCTION_L3_撮影データを繰り返し分析・比較が可能,OPPORTUNITY_L3_自ら撮影した動画の分析結果を発表する活動,function_opportunity,3
E000044,OPPORTUNITY_L2_他者の成果を参照し自らの考えを再構成する活動,OPPORTUNITY_L3_他者の発表を聞き自分とは異なる視点を取り入れる活動,hierarchy,
E000045,FUNCTION_L3_撮影データを繰り返し分析・比較が可能,OPPORTUNITY_L3_他者の発表を聞き自分とは異なる視点を取り入れる活動,function_opportunity,3
E000046,EFFECT_L2_自然現象等の理解,EFFECT_L3_雲の動きや発生に関する理解が深まる,hierarchy,
E000047,OPPORTUNITY_L3_自ら撮影した動画の分析結果を発表する活動,EFFECT_L3_雲の動きや発生に関する理解が深まる,opportunity_effect,3
E000048,EFFECT_L2_自然現象等の理解,EFFECT_L3_大気の動きや気象現象に関する理解が深まる,hierarchy,
E000049,OPPORTUNITY_L3_自ら撮影した動画の分析結果を発表する活動,EFFECT_L3_大気の動きや気象現象に関する理解が深まる,opportunity_effect,3
E000050,EFFECT_L2_理科への興味・関心・意欲,EFFECT_L3_雲や天気の変化に対する興味・関心が高まる,hierarchy,
E000051,OPPORTUNITY_L3_自ら撮影した動画の分析結果を発表する活動,EFFECT_L3_雲や天気の変化に対する興味・関心が高まる,opportunity_effect,3
E000052,OPPORTUNITY_L3_他者の発表を聞き自分とは異なる視点を取り入れる活動,EFFECT_L3_雲や天気の変化に対する興味・関心が高まる,opportunity_effect,3
E000053,UNIT_L1_高等学校,UNIT_L2_高等学校3年,hierarchy,
E000054,UNIT_L2_高等学校3年,UNIT_L3_地学,hierarchy,
E000055,UNIT_L3_地学,UNIT_L4_大気と海洋（大気の海水の運動）,hierarchy,
E000056,EFFECT_L3_雲の動きや発生に関する理解が深まる,UNIT_L4_大気と海洋（大気の海水の運動）,effect_unit,3
E000057,EFFECT_L3_大気の動きや気象現象に関する理解が深まる,UNIT_L4_大気と海洋（大気の海水の運動）,effect_unit,3
E000058,EFFECT_L3_雲や天気の変化に対する興味・関心が高まる,UNIT_L4_大気と海洋（大気の海水の運動）,effect_unit,3
E000059,ICT_L1_ハードウェア,ICT_L2_センサー・計測機器,hierarchy,
E000060,ICT_L2_センサー・計測機器,ICT_L3_データロガー,hierarchy,
E000061,ICT_L2_センサー・計測機器,ICT_L3_酸素濃度センサー,hierarchy,
E000062,ICT_L2_センサー・計測機器,ICT_L3_二酸化炭素濃度センサー,hierarchy,
E000063,ICT_L1_ハードウェア,ICT_L2_表示機器,hierarchy,
E000064,ICT_L2_表示機器,ICT_L3_液晶ディスプレイ,hierarchy,
E000065,ICT_L1_ハードウェア,ICT_L2_PC,hierarchy,
E000066,ICT_L2_PC,ICT_L3_PC,hierarchy,
E000067,ICT_L3_酸素濃度センサー,ICT_L3_PC,ict_combination,4
E000068,ICT_L3_二酸化炭素濃度センサー,ICT_L3_PC,ict_combination,4
E000069,FUNCTION_L1_可視化・表示系機能,FUNCTION_L2_データ・現象の可視化,hierarchy,
E000070,FUNCTION_L2_データ・現象の可視化,FUNCTION_L3_気体濃度変化のリアルタイム観察が可能,hierarchy,
E000071,ICT_L3_液晶ディスプレイ,FUNCTION_L3_気体濃度変化のリアルタイム観察が可能,ict_function,4
E000072,FUNCTION_L2_データ・現象の可視化,FUNCTION_L3_気体濃度データのグラフ表示が可能,hierarchy,
E000073,ICT_L3_液晶ディスプレイ,FUNCTION_L3_気体濃度データのグラフ表示が可能,ict_function,4
E000074,FUNCTION_L1_共有・協働・通信系機能,FUNCTION_L2_データ・資料の共有,hierarchy,
E000075,FUNCTION_L2_データ・資料の共有,FUNCTION_L3_同じ画面を児童同士で共有が可能,hierarchy,
E000076,ICT_L3_液晶ディスプレイ,FUNCTION_L3_同じ画面を児童同士で共有が可能,ict_function,4
E000077,OPPORTUNITY_L2_物理量やエネルギーの変化を捉える観察,OPPORTUNITY_L3_気体濃度変化をリアルタイムに観察する活動,hierarchy,
E000078,FUNCTION_L3_気体濃度変化のリアルタイム観察が可能,OPPORTUNITY_L3_気体濃度変化をリアルタイムに観察する活動,function_opportunity,4
E000079,FUNCTION_L3_気体濃度データのグラフ表示が可能,OPPORTUNITY_L3_気体濃度変化をリアルタイムに観察する活動,function_opportunity,4
E000080,OPPORTUNITY_L2_物理量やエネルギーの変化を捉える観察,OPPORTUNITY_L3_光合成と呼吸の比較・観察する活動,hierarchy,
E000081,FUNCTION_L3_気体濃度変化のリアルタイム観察が可能,OPPORTUNITY_L3_光合成と呼吸の比較・観察する活動,function_opportunity,4
E000082,OPPORTUNITY_L2_観察や実験結果・考察などを共有し他者と比較・確認する活動,OPPORTUNITY_L3_観察結果を他者と共有する活動,hierarchy,
E000083,FUNCTION_L3_同じ画面を児童同士で共有が可能,OPPORTUNITY_L3_観察結果を他者と共有する活動,function_opportunity,4
E000084,OPPORTUNITY_L2_効率的な観察,OPPORTUNITY_L3_短時間で対象を観察し結果を確認する活動,hierarchy,
E000085,FUNCTION_L3_気体濃度変化のリアルタイム観察が可能,OPPORTUNITY_L3_短時間で対象を観察し結果を確認する活動,function_opportunity,4
E000086,FUNCTION_L3_気体濃度データのグラフ表示が可能,OPPORTUNITY_L3_短時間で対象を観察し結果を確認する活動,function_opportunity,4
E000087,EFFECT_L2_科学的概念・法則の理解,EFFECT_L3_光合成の過程に関する理解が深まる,hierarchy,
E000088,OPPORTUNITY_L3_気体濃度変化をリアルタイムに観察する活動,EFFECT_L3_光合成の過程に関する理解が深まる,opportunity_effect,4
E000089,OPPORTUNITY_L3_光合成と呼吸の比較・観察する活動,EFFECT_L3_光合成の過程に関する理解が深まる,opportunity_effect,4
E000090,OPPORTUNITY_L3_観察結果を他者と共有する活動,EFFECT_L3_観察に対する意欲が高まる,opportunity_effect,4
E000091,EFFECT_L2_授業の効率化,EFFECT_L3_時間のかかる現象の観察や実験（光合成）が効率化される,hierarchy,
E000092,OPPORTUNITY_L3_短時間で対象を観察し結果を確認する活動,EFFECT_L3_時間のかかる現象の観察や実験（光合成）が効率化される,opportunity_effect,4
E000093,UNIT_L1_小学校,UNIT_L2_小学校6年,hierarchy,
E000094,UNIT_L2_小学校6年,UNIT_L3_生物,hierarchy,
E000095,UNIT_L3_生物,UNIT_L4_生物と環境（生物と水空気との関わり）,hierarchy,
E000096,EFFECT_L3_光合成の過程に関する理解が深まる,UNIT_L4_生物と環境（生物と水空気との関わり）,effect_unit,4
E000097,EFFECT_L3_観察に対する意欲が高まる,UNIT_L4_生物と環境（生物と水空気との関わり）,effect_unit,4
E000098,EFFECT_L3_時間のかかる現象の観察や実験（光合成）が効率化される,UNIT_L4_生物と環境（生物と水空気との関わり）,effect_unit,4
E000099,ICT_L2_PC,ICT_L3_Windows,hierarchy,
E000100,ICT_L1_ソフトウェア,ICT_L2_学習支援・学習管理システム,hierarchy,
E000101,ICT_L2_学習支援・学習管理システム,ICT_L3_スタディノート,hierarchy,
E000102,FUNCTION_L1_記録・保存・整理系機能,FUNCTION_L2_学習ログ・記録の整理,hierarchy,
E000103,FUNCTION_L2_学習ログ・記録の整理,FUNCTION_L3_実験記録を二次元マップ上で可視化が可能,hierarchy,
E000104,ICT_L3_スタディノート,FUNCTION_L3_実験記録を二次元マップ上で可視化が可能,ict_function,5
E000105,FUNCTION_L2_データ・資料の共有,FUNCTION_L3_デジタルノートによる情報共有が可能,hierarchy,
E000106,ICT_L3_スタディノート,FUNCTION_L3_デジタルノートによる情報共有が可能,ict_function,5
E000107,FUNCTION_L1_共有・協働・通信系機能,FUNCTION_L2_意見・評価の共有,hierarchy,
E000108,FUNCTION_L2_意見・評価の共有,FUNCTION_L3_学習の評価規準をマップ上で構造化表示が可能,hierarchy,
E000109,ICT_L3_スタディノート,FUNCTION_L3_学習の評価規準をマップ上で構造化表示が可能,ict_function,5
E000110,OPPORTUNITY_L2_観察や実験結果・考察などを共有し他者と比較・確認する活動,OPPORTUNITY_L3_共有した実験データをもとに相互に評価・検討する活動,hierarchy,
E000111,FUNCTION_L3_実験記録を二次元マップ上で可視化が可能,OPPORTUNITY_L3_共有した実験データをもとに相互に評価・検討する活動,function_opportunity,5
E000112,FUNCTION_L3_デジタルノートによる情報共有が可能,OPPORTUNITY_L3_共有した実験データをもとに相互に評価・検討する活動,function_opportunity,5
E000113,OPPORTUNITY_L2_意見や考察を交換し多様な視点を取りいれる討議活動,OPPORTUNITY_L3_誤差の扱いについて結果や方法を比較し班内で議論する活動,hierarchy,
E000114,FUNCTION_L3_学習の評価規準をマップ上で構造化表示が可能,OPPORTUNITY_L3_誤差の扱いについて結果や方法を比較し班内で議論する活動,function_opportunity,5
E000115,OPPORTUNITY_L2_条件を操作して変化や法則を確かめる実験,OPPORTUNITY_L3_議論の結果をもとに条件を見直し再実験を行って確かめる活動,hierarchy,
E000116,FUNCTION_L3_学習の評価規準をマップ上で構造化表示が可能,OPPORTUNITY_L3_議論の結果をもとに条件を見直し再実験を行って確かめる活動,function_opportunity,5
E000117,OPPORTUNITY_L2_仮説を立て・検証計画を立案する探究,OPPORTUNITY_L3_データベースマップ上の情報を根拠に仮説を立てて検証する活動,hierarchy,
E000118,FUNCTION_L3_実験記録を二次元マップ上で可視化が可能,OPPORTUNITY_L3_データベースマップ上の情報を根拠に仮説を立てて検証する活動,function_opportunity,5
E000119,EFFECT_L2_主体的に学習に取り組む力,EFFECT_L3_学習の評価規準を意識した学習が促される,hierarchy,
E000120,OPPORTUNITY_L3_共有した実験データをもとに相互に評価・検討する活動,EFFECT_L3_学習の評価規準を意識した学習が促される,opportunity_effect,5
E000121,EFFECT_L2_科学的に考える力,EFFECT_L3_誤差に対する認識が共有され科学的な理解が深まる,hierarchy,
E000122,OPPORTUNITY_L3_誤差の扱いについて結果や方法を比較し班内で議論する活動,EFFECT_L3_誤差に対する認識が共有され科学的な理解が深まる,opportunity_effect,5
E000123,EFFECT_L2_協同的に学ぶ力・社会とのつながり,EFFECT_L3_協働して学ぶ姿勢が育まれる,hierarchy,
E000124,OPPORTUNITY_L3_誤差の扱いについて結果や方法を比較し班内で議論する活動,EFFECT_L3_協働して学ぶ姿勢が育まれる,opportunity_effect,5
E000125,OPPORTUNITY_L3_議論の結果をもとに条件を見直し再実験を行って確かめる活動,EFFECT_L3_協働して学ぶ姿勢が育まれる,opportunity_effect,5
E000126,OPPORTUNITY_L3_データベースマップ上の情報を根拠に仮説を立てて検証する活動,EFFECT_L3_協働して学ぶ姿勢が育まれる,opportunity_effect,5
E000127,UNIT_L1_小学校,UNIT_L2_小学校5年,hierarchy,
E000128,UNIT_L2_小学校5年,UNIT_L3_物理,hierarchy,
E000129,UNIT_L3_物理,UNIT_L4_振り子の運動（振り子の運動）,hierarchy,
E000130,EFFECT_L3_学習の評価規準を意識した学習が促される,UNIT_L4_振り子の運動（振り子の運動）,effect_unit,5
E000131,EFFECT_L3_誤差に対する認識が共有され科学的な理解が深まる,UNIT_L4_振り子の運動（振り子の運動）,effect_unit,5
E000132,EFFECT_L3_協働して学ぶ姿勢が育まれる,UNIT_L4_振り子の運動（振り子の運動）,effect_unit,5
E000133,ICT_L1_ソフトウェア,ICT_L2_プレゼンテーションソフト,hierarchy,
E000134,ICT_L2_プレゼンテーションソフト,ICT_L3_PowerPoint,hierarchy,
E000135,FUNCTION_L2_データ・現象の可視化,FUNCTION_L3_水分子の運動や振動を動画として表現が可能,hierarchy,
E000136,ICT_L3_PowerPoint,FUNCTION_L3_水分子の運動や振動を動画として表現が可能,ict_function,7
E000137,FUNCTION_L1_編集・加工系機能,FUNCTION_L2_資料・スライド作成,hierarchy,
E000138,FUNCTION_L2_資料・スライド作成,FUNCTION_L3_状態変化を連続的なストーリーとして表現が可能,hierarchy,
E000139,ICT_L3_PowerPoint,FUNCTION_L3_状態変化を連続的なストーリーとして表現が可能,ict_function,7
E000140,FUNCTION_L2_データ・資料の共有,FUNCTION_L3_学習者間で動画データの即時共有が可能,hierarchy,
E000141,ICT_L3_PowerPoint,FUNCTION_L3_学習者間で動画データの即時共有が可能,ict_function,7
E000142,FUNCTION_L2_資料・スライド作成,FUNCTION_L3_言語的コードと非言語的コードの併用表現が可能,hierarchy,
E000143,OPPORTUNITY_L2_学びの成果を発表・伝達する活動,OPPORTUNITY_L3_グループで作成した動画モデルを用いて発表する活動,hierarchy,
E000144,FUNCTION_L3_状態変化を連続的なストーリーとして表現が可能,OPPORTUNITY_L3_グループで作成した動画モデルを用いて発表する活動,function_opportunity,7
E000145,FUNCTION_L3_学習者間で動画データの即時共有が可能,OPPORTUNITY_L3_グループで作成した動画モデルを用いて発表する活動,function_opportunity,7
E000146,OPPORTUNITY_L2_学びの成果を発表・伝達する活動,OPPORTUNITY_L3_分子運動論の理解を基に動画を作成しその内容を他者と共有する活動,hierarchy,
E000147,FUNCTION_L3_水分子の運動や振動を動画として表現が可能,OPPORTUNITY_L3_分子運動論の理解を基に動画を作成しその内容を他者と共有する活動,function_opportunity,7
E000148,FUNCTION_L3_言語的コードと非言語的コードの併用表現が可能,OPPORTUNITY_L3_分子運動論の理解を基に動画を作成しその内容を他者と共有する活動,function_opportunity,7
E000149,EFFECT_L2_科学的概念・法則の理解,EFFECT_L3_分子運動論に関する理解が深まる,hierarchy,
E000150,OPPORTUNITY_L3_グループで作成した動画モデルを用いて発表する活動,EFFECT_L3_分子運動論に関する理解が深まる,opportunity_effect,7
E000151,EFFECT_L2_科学的概念・法則の理解,EFFECT_L3_熱エネルギーと分子の運動との関係に関する理解が深まる,hierarchy,
E000152,OPPORTUNITY_L3_分子運動論の理解を基に動画を作成しその内容を他者と共有する活動,EFFECT_L3_熱エネルギーと分子の運動との関係に関する理解が深まる,opportunity_effect,7
E000153,EFFECT_L2_科学的に表現し説明する力,EFFECT_L3_科学的な表現の幅と精密さが豊かになる,hierarchy,
E000154,OPPORTUNITY_L3_分子運動論の理解を基に動画を作成しその内容を他者と共有する活動,EFFECT_L3_科学的な表現の幅と精密さが豊かになる,opportunity_effect,7
E000155,UNIT_L3_化学,UNIT_L4_状態変化（状態変化と熱）,hierarchy,
E000156,EFFECT_L3_分子運動論に関する理解が深まる,UNIT_L4_状態変化（状態変化と熱）,effect_unit,7
E000157,EFFECT_L3_熱エネルギーと分子の運動との関係に関する理解が深まる,UNIT_L4_状態変化（状態変化と熱）,effect_unit,7
E000158,EFFECT_L3_科学的な表現の幅と精密さが豊かになる,UNIT_L4_状態変化（状態変化と熱）,effect_unit,7
E000159,ICT_L2_タブレット端末,ICT_L3_iPad,hierarchy,
E000160,ICT_L1_ソフトウェア,ICT_L2_コミュニケーション・共有ツール,hierarchy,
E000161,ICT_L2_コミュニケーション・共有ツール,ICT_L3_FaceTime,hierarchy,
E000162,FUNCTION_L1_共有・協働・通信系機能,FUNCTION_L2_リアルタイム通信・対話,hierarchy,
E000163,FUNCTION_L2_リアルタイム通信・対話,FUNCTION_L3_遠隔地の他校生徒とのリアルタイム通信が可能,hierarchy,
E000164,ICT_L3_FaceTime,FUNCTION_L3_遠隔地の他校生徒とのリアルタイム通信が可能,ict_function,8
E000165,FUNCTION_L2_リアルタイム通信・対話,FUNCTION_L3_遠隔地の他校の小グループ間での直接会話が可能,hierarchy,
E000166,ICT_L3_FaceTime,FUNCTION_L3_遠隔地の他校の小グループ間での直接会話が可能,ict_function,8
E000167,FUNCTION_L2_データ・資料の共有,FUNCTION_L3_他者の資料・発表内容をリアルタイムに参照可能,hierarchy,
E000168,ICT_L3_FaceTime,FUNCTION_L3_他者の資料・発表内容をリアルタイムに参照可能,ict_function,8
E000169,OPPORTUNITY_L2_遠隔交流や専門家との対話を通して学びを広げる活動,OPPORTUNITY_L3_他地域の生徒との意見交換,hierarchy,
E000170,FUNCTION_L3_遠隔地の他校生徒とのリアルタイム通信が可能,OPPORTUNITY_L3_他地域の生徒との意見交換,function_opportunity,8
E000171,OPPORTUNITY_L2_意見や考察を交換し多様な視点を取りいれる討議活動,OPPORTUNITY_L3_相手の発言を比較検討する討議活動,hierarchy,
E000172,FUNCTION_L3_遠隔地の他校の小グループ間での直接会話が可能,OPPORTUNITY_L3_相手の発言を比較検討する討議活動,function_opportunity,8
E000173,OPPORTUNITY_L2_学びを整理し自らの理解を表現する活動,OPPORTUNITY_L3_互いに説明し合いながら内容を図で表現する活動,hierarchy,
E000174,FUNCTION_L3_他者の資料・発表内容をリアルタイムに参照可能,OPPORTUNITY_L3_互いに説明し合いながら内容を図で表現する活動,function_opportunity,8
E000175,EFFECT_L2_結果を分析し考察する力,EFFECT_L3_多面的に捉えて総合的に考察する力が育まれる,hierarchy,
E000176,OPPORTUNITY_L3_他地域の生徒との意見交換,EFFECT_L3_多面的に捉えて総合的に考察する力が育まれる,opportunity_effect,8
E000177,OPPORTUNITY_L3_相手の発言を比較検討する討議活動,EFFECT_L3_多面的に捉えて総合的に考察する力が育まれる,opportunity_effect,8
E000178,OPPORTUNITY_L3_互いに説明し合いながら内容を図で表現する活動,EFFECT_L3_多面的に捉えて総合的に考察する力が育まれる,opportunity_effect,8
E000179,EFFECT_L2_科学的に表現し説明する力,EFFECT_L3_根拠をもとに自分の考えを説明する力が育まれる,hierarchy,
E000180,OPPORTUNITY_L3_相手の発言を比較検討する討議活動,EFFECT_L3_根拠をもとに自分の考えを説明する力が育まれる,opportunity_effect,8
E000181,OPPORTUNITY_L3_互いに説明し合いながら内容を図で表現する活動,EFFECT_L3_根拠をもとに自分の考えを説明する力が育まれる,opportunity_effect,8
E000182,EFFECT_L2_科学的に表現し説明する力,EFFECT_L3_他者に伝わるように考えを整理し分かりやすく表現する力が育まれる,hierarchy,
E000183,OPPORTUNITY_L3_他地域の生徒との意見交換,EFFECT_L3_他者に伝わるように考えを整理し分かりやすく表現する力が育まれる,opportunity_effect,8
E000184,OPPORTUNITY_L3_相手の発言を比較検討する討議活動,EFFECT_L3_他者に伝わるように考えを整理し分かりやすく表現する力が育まれる,opportunity_effect,8
E000185,OPPORTUNITY_L3_互いに説明し合いながら内容を図で表現する活動,EFFECT_L3_他者に伝わるように考えを整理し分かりやすく表現する力が育まれる,opportunity_effect,8
E000186,UNIT_L1_中学校,UNIT_L2_中学校3年,hierarchy,
E000187,UNIT_L2_中学校3年,UNIT_L3_地学,hierarchy,
E000188,UNIT_L3_地学,UNIT_L4_自然環境の保全と科学技術の利用（自然環境の保全と科学技術の利用）,hierarchy,
E000189,EFFECT_L3_多面的に捉えて総合的に考察する力が育まれる,UNIT_L4_自然環境の保全と科学技術の利用（自然環境の保全と科学技術の利用）,effect_unit,8
E000190,EFFECT_L3_根拠をもとに自分の考えを説明する力が育まれる,UNIT_L4_自然環境の保全と科学技術の利用（自然環境の保全と科学技術の利用）,effect_unit,8
E000191,EFFECT_L3_他者に伝わるように考えを整理し分かりやすく表現する力が育まれる,UNIT_L4_自然環境の保全と科学技術の利用（自然環境の保全と科学技術の利用）,effect_unit,8
E000192,ICT_L3_FaceTime,FUNCTION_L3_遠隔地の他校生徒とのリアルタイム通信が可能,ict_function,9
E000193,ICT_L3_FaceTime,FUNCTION_L3_遠隔地の他校の小グループ間での直接会話が可能,ict_function,9
E000194,FUNCTION_L2_データ・資料の共有,FUNCTION_L3_生徒間でのデータ・資料の共有・比較が可能,hierarchy,
E000195,ICT_L3_FaceTime,FUNCTION_L3_生徒間でのデータ・資料の共有・比較が可能,ict_function,9
E000196,OPPORTUNITY_L2_観察や実験の結果をもとに科学的に考察を深める探究,OPPORTUNITY_L3_複数地域の地質を比較・考察する活動,hierarchy,
E000197,FUNCTION_L3_遠隔地の他校生徒とのリアルタイム通信が可能,OPPORTUNITY_L3_複数地域の地質を比較・考察する活動,function_opportunity,9
E000198,FUNCTION_L3_遠隔地の他校の小グループ間での直接会話が可能,OPPORTUNITY_L3_複数地域の地質を比較・考察する活動,function_opportunity,9
E000199,FUNCTION_L3_生徒間でのデータ・資料の共有・比較が可能,OPPORTUNITY_L3_複数地域の地質を比較・考察する活動,function_opportunity,9
E000200,OPPORTUNITY_L2_学びの成果を発表・伝達する活動,OPPORTUNITY_L3_自らの調査で得た内容を整理し他者に向けて説明・発信する活動,hierarchy,
E000201,FUNCTION_L3_遠隔地の他校生徒とのリアルタイム通信が可能,OPPORTUNITY_L3_自らの調査で得た内容を整理し他者に向けて説明・発信する活動,function_opportunity,9
E000202,FUNCTION_L3_遠隔地の他校の小グループ間での直接会話が可能,OPPORTUNITY_L3_自らの調査で得た内容を整理し他者に向けて説明・発信する活動,function_opportunity,9
E000203,FUNCTION_L3_生徒間でのデータ・資料の共有・比較が可能,OPPORTUNITY_L3_自らの調査で得た内容を整理し他者に向けて説明・発信する活動,function_opportunity,9
E000204,EFFECT_L2_自然現象等の理解,EFFECT_L3_火山活動とマグマの粘性との関係理解が深まる,hierarchy,
E000205,OPPORTUNITY_L3_複数地域の地質を比較・考察する活動,EFFECT_L3_火山活動とマグマの粘性との関係理解が深まる,opportunity_effect,9
E000206,EFFECT_L2_自然現象等の理解,EFFECT_L3_造岩鉱物の種類と色の違いに関する理解が深まる,hierarchy,
E000207,OPPORTUNITY_L3_複数地域の地質を比較・考察する活動,EFFECT_L3_造岩鉱物の種類と色の違いに関する理解が深まる,opportunity_effect,9
E000208,EFFECT_L2_理科への興味・関心・意欲,EFFECT_L3_地域の大地の成り立ちに対する学習意欲が高まる,hierarchy,
E000209,OPPORTUNITY_L3_複数地域の地質を比較・考察する活動,EFFECT_L3_地域の大地の成り立ちに対する学習意欲が高まる,opportunity_effect,9
E000210,OPPORTUNITY_L3_自らの調査で得た内容を整理し他者に向けて説明・発信する活動,EFFECT_L3_地域の大地の成り立ちに対する学習意欲が高まる,opportunity_effect,9
E000211,UNIT_L2_中学校1年,UNIT_L3_地学,hierarchy,
E000212,UNIT_L3_地学,UNIT_L4_火山と地震（火山活動と火成岩）,hierarchy,
E000213,EFFECT_L3_火山活動とマグマの粘性との関係理解が深まる,UNIT_L4_火山と地震（火山活動と火成岩）,effect_unit,9
E000214,EFFECT_L3_造岩鉱物の種類と色の違いに関する理解が深まる,UNIT_L4_火山と地震（火山活動と火成岩）,effect_unit,9
E000215,EFFECT_L3_地域の大地の成り立ちに対する学習意欲が高まる,UNIT_L4_火山と地震（火山活動と火成岩）,effect_unit,9
E000216,ICT_L2_センサー・計測機器,ICT_L3_デジタル温度ロガー(おんどとりTR42),hierarchy,
E000217,ICT_L2_観測・記録アプリ,ICT_L3_ThermoREC,hierarchy,
E000218,FUNCTION_L2_データ・現象の可視化,FUNCTION_L3_温度変化をリアルタイムで可視化することが可能,hierarchy,
E000219,ICT_L3_ThermoREC,FUNCTION_L3_温度変化をリアルタイムで可視化することが可能,ict_function,10
E000220,FUNCTION_L1_記録・保存・整理系機能,FUNCTION_L2_データ・画像の記録,hierarchy,
E000221,FUNCTION_L2_データ・画像の記録,FUNCTION_L3_測定データをCSV形式で保存・解析することが可能,hierarchy,
E000222,ICT_L3_ThermoREC,FUNCTION_L3_測定データをCSV形式で保存・解析することが可能,ict_function,10
E000223,FUNCTION_L2_データ・現象の可視化,FUNCTION_L3_同時に複数箇所の温度を測定し比較することが可能,hierarchy,
E000224,ICT_L3_ThermoREC,FUNCTION_L3_同時に複数箇所の温度を測定し比較することが可能,ict_function,10
E000225,FUNCTION_L3_温度変化をリアルタイムで可視化することが可能,OPPORTUNITY_L3_気体濃度変化をリアルタイムに観察する活動,function_opportunity,10
E000226,OPPORTUNITY_L2_データを収集し分析・整理する探究,OPPORTUNITY_L3_CSVデータを用いた表計算ソフトでの解析する活動,hierarchy,
E000227,FUNCTION_L3_測定データをCSV形式で保存・解析することが可能,OPPORTUNITY_L3_CSVデータを用いた表計算ソフトでの解析する活動,function_opportunity,10
E000228,OPPORTUNITY_L2_物理量やエネルギーの変化を捉える観察,OPPORTUNITY_L3_熱平衡過程における2つの物体の温度変化を同時に観察・測定する活動,hierarchy,
E000229,FUNCTION_L3_同時に複数箇所の温度を測定し比較することが可能,OPPORTUNITY_L3_熱平衡過程における2つの物体の温度変化を同時に観察・測定する活動,function_opportunity,10
E000230,EFFECT_L2_科学的概念・法則の理解,EFFECT_L3_温度変化と仕事量との関係理解が深まる,hierarchy,
E000231,OPPORTUNITY_L3_気体濃度変化をリアルタイムに観察する活動,EFFECT_L3_温度変化と仕事量との関係理解が深まる,opportunity_effect,10
E000232,EFFECT_L2_科学的概念・法則の理解,EFFECT_L3_熱平衡の概念や仕組みに関する理解が深まる,hierarchy,
E000233,OPPORTUNITY_L3_気体濃度変化をリアルタイムに観察する活動,EFFECT_L3_熱平衡の概念や仕組みに関する理解が深まる,opportunity_effect,10
E000234,OPPORTUNITY_L3_CSVデータを用いた表計算ソフトでの解析する活動,EFFECT_L3_熱平衡の概念や仕組みに関する理解が深まる,opportunity_effect,10
E000235,EFFECT_L2_理科への興味・関心・意欲,EFFECT_L3_熱力学現象への興味・関心が高まる,hierarchy,
E000236,OPPORTUNITY_L3_気体濃度変化をリアルタイムに観察する活動,EFFECT_L3_熱力学現象への興味・関心が高まる,opportunity_effect,10
E000237,OPPORTUNITY_L3_熱平衡過程における2つの物体の温度変化を同時に観察・測定する活動,EFFECT_L3_熱力学現象への興味・関心が高まる,opportunity_effect,10
E000238,UNIT_L3_物理,UNIT_L4_熱（熱と温度）,hierarchy,
E000239,EFFECT_L3_温度変化と仕事量との関係理解が深まる,UNIT_L4_熱（熱と温度）,effect_unit,10
E000240,EFFECT_L3_熱平衡の概念や仕組みに関する理解が深まる,UNIT_L4_熱（熱と温度）,effect_unit,10
E000241,EFFECT_L3_熱力学現象への興味・関心が高まる,UNIT_L4_熱（熱と温度）,effect_unit,10
E000242,ICT_L2_タブレット端末,ICT_L3_タブレット端末,hierarchy,
E000243,ICT_L1_ソフトウェア,ICT_L2_WEBマップ,hierarchy,
E000244,ICT_L2_WEBマップ,ICT_L3_ひまわり8号リアルタイムWEB,hierarchy,
E000245,ICT_L2_WEBマップ,ICT_L3_世界の雨分布統計,hierarchy,
E000246,ICT_L2_WEBマップ,ICT_L3_earth::地球の風天気雨の状況地図,hierarchy,
E000247,FUNCTION_L2_空間・地形情報の可視化,FUNCTION_L3_雲・降水・風の分布の視覚的比較が可能,hierarchy,
E000248,ICT_L3_タブレット端末,FUNCTION_L3_雲・降水・風の分布の視覚的比較が可能,ict_function,11
E000249,ICT_L3_ひまわり8号リアルタイムWEB,FUNCTION_L3_雲・降水・風の分布の視覚的比較が可能,ict_function,11
E000250,ICT_L3_世界の雨分布統計,FUNCTION_L3_雲・降水・風の分布の視覚的比較が可能,ict_function,11
E000251,OPPORTUNITY_L2_天体や自然現象の時間的変化を捉える観察,OPPORTUNITY_L3_雲・降水・風の関係を比較・観察する活動,hierarchy,
E000252,FUNCTION_L3_雲・降水・風の分布の視覚的比較が可能,OPPORTUNITY_L3_雲・降水・風の関係を比較・観察する活動,function_opportunity,11
E000253,OPPORTUNITY_L2_観察や実験の結果をもとに科学的に考察を深める探究,OPPORTUNITY_L3_観察や実験で得た根拠をもとに水蒸気の起源を科学的に考察する活動,hierarchy,
E000254,FUNCTION_L3_雲・降水・風の分布の視覚的比較が可能,OPPORTUNITY_L3_観察や実験で得た根拠をもとに水蒸気の起源を科学的に考察する活動,function_opportunity,11
E000255,EFFECT_L2_結果を分析し考察する力,EFFECT_L3_複数の資料を関連づけて総合的に考察する力が育まれる,hierarchy,
E000256,OPPORTUNITY_L3_雲・降水・風の関係を比較・観察する活動,EFFECT_L3_複数の資料を関連づけて総合的に考察する力が育まれる,opportunity_effect,11
E000257,EFFECT_L2_自然現象等の理解,EFFECT_L3_地球規模での大気の循環に関する理解が深まる,hierarchy,
E000258,OPPORTUNITY_L3_雲・降水・風の関係を比較・観察する活動,EFFECT_L3_地球規模での大気の循環に関する理解が深まる,opportunity_effect,11
E000259,OPPORTUNITY_L3_観察や実験で得た根拠をもとに水蒸気の起源を科学的に考察する活動,EFFECT_L3_地球規模での大気の循環に関する理解が深まる,opportunity_effect,11
E000260,EFFECT_L2_理科への興味・関心・意欲,EFFECT_L3_気象への興味・関心が高まる,hierarchy,
E000261,OPPORTUNITY_L3_雲・降水・風の関係を比較・観察する活動,EFFECT_L3_気象への興味・関心が高まる,opportunity_effect,11
E000262,OPPORTUNITY_L3_観察や実験で得た根拠をもとに水蒸気の起源を科学的に考察する活動,EFFECT_L3_気象への興味・関心が高まる,opportunity_effect,11
E000263,UNIT_L1_中学校,UNIT_L2_中学校2年,hierarchy,
E000264,UNIT_L2_中学校2年,UNIT_L3_地学,hierarchy,
E000265,UNIT_L3_地学,UNIT_L4_日本の気象（大気の働きと海洋の影響）,hierarchy,
E000266,EFFECT_L3_複数の資料を関連づけて総合的に考察する力が育まれる,UNIT_L4_日本の気象（大気の働きと海洋の影響）,effect_unit,11
E000267,EFFECT_L3_地球規模での大気の循環に関する理解が深まる,UNIT_L4_日本の気象（大気の働きと海洋の影響）,effect_unit,11
E000268,EFFECT_L3_気象への興味・関心が高まる,UNIT_L4_日本の気象（大気の働きと海洋の影響）,effect_unit,11
E000269,ICT_L1_ソフトウェア,ICT_L2_シミュレーションソフト,hierarchy,
E000270,ICT_L2_シミュレーションソフト,ICT_L3_スカイガイド,hierarchy,
E000271,FUNCTION_L2_空間・地形情報の可視化,FUNCTION_L3_天体の位置・時間を設定して再現観察が可能,hierarchy,
E000272,ICT_L3_スカイガイド,FUNCTION_L3_天体の位置・時間を設定して再現観察が可能,ict_function,13
E000273,FUNCTION_L2_比較・探索機能,FUNCTION_L3_児童ごとの個別操作・探索が可能,hierarchy,
E000274,ICT_L3_スカイガイド,FUNCTION_L3_児童ごとの個別操作・探索が可能,ict_function,13
E000275,OPPORTUNITY_L2_天体や自然現象の時間的変化を捉える観察,OPPORTUNITY_L3_月の位置や見え方の変化を複数の時刻で比較して観察する活動,hierarchy,
E000276,FUNCTION_L3_天体の位置・時間を設定して再現観察が可能,OPPORTUNITY_L3_月の位置や見え方の変化を複数の時刻で比較して観察する活動,function_opportunity,13
E000277,FUNCTION_L3_児童ごとの個別操作・探索が可能,OPPORTUNITY_L3_月の位置や見え方の変化を複数の時刻で比較して観察する活動,function_opportunity,13
E000278,EFFECT_L2_自然現象等の理解,EFFECT_L3_月の形と位置の変化に関する理解が深まる,hierarchy,
E000279,OPPORTUNITY_L3_月の位置や見え方の変化を複数の時刻で比較して観察する活動,EFFECT_L3_月の形と位置の変化に関する理解が深まる,opportunity_effect,13
E000280,UNIT_L3_生物,UNIT_L4_月と太陽（月の位置や形と太陽の位置）,hierarchy,
E000281,EFFECT_L3_月の形と位置の変化に関する理解が深まる,UNIT_L4_月と太陽（月の位置や形と太陽の位置）,effect_unit,13
E000282,ICT_L2_センサー・計測機器,ICT_L3_高橋式酸素センサ,hierarchy,
E000283,FUNCTION_L2_データ・現象の可視化,FUNCTION_L3_酸素濃度の瞬時測定が可能,hierarchy,
E000284,ICT_L3_高橋式酸素センサ,FUNCTION_L3_酸素濃度の瞬時測定が可能,ict_function,14
E000285,OPPORTUNITY_L2_効率的な観察,OPPORTUNITY_L3_短時間で測定・分析ができる実験活動,hierarchy,
E000286,FUNCTION_L3_酸素濃度の瞬時測定が可能,OPPORTUNITY_L3_短時間で測定・分析ができる実験活動,function_opportunity,14
E000287,OPPORTUNITY_L2_観察や実験結果・考察などを共有し他者と比較・確認する活動,OPPORTUNITY_L3_測定した値を共有しグループで協働的に結果を考察する活動,hierarchy,
E000288,FUNCTION_L3_酸素濃度の瞬時測定が可能,OPPORTUNITY_L3_測定した値を共有しグループで協働的に結果を考察する活動,function_opportunity,14
E000289,EFFECT_L2_主体的に学習に取り組む力,EFFECT_L3_観察や実験に主体的に取り組む姿勢が促される,hierarchy,
E000290,OPPORTUNITY_L3_短時間で測定・分析ができる実験活動,EFFECT_L3_観察や実験に主体的に取り組む姿勢が促される,opportunity_effect,14
E000291,OPPORTUNITY_L3_測定した値を共有しグループで協働的に結果を考察する活動,EFFECT_L3_根拠をもとに自分の考えを説明する力が育まれる,opportunity_effect,14
E000292,EFFECT_L3_観察や実験に主体的に取り組む姿勢が促される,UNIT_L4_生物と環境（生物と水空気との関わり）,effect_unit,14
E000293,EFFECT_L3_根拠をもとに自分の考えを説明する力が育まれる,UNIT_L4_生物と環境（生物と水空気との関わり）,effect_unit,14
E000294,ICT_L2_プレゼンテーションソフト,ICT_L3_Google_スライド,hierarchy,
E000295,ICT_L1_ソフトウェア,ICT_L2_表計算ソフト,hierarchy,
E000296,ICT_L2_表計算ソフト,ICT_L3_Googleスプレッドシート,hierarchy,
E000297,ICT_L3_Google_スライド,FUNCTION_L3_生徒間でのデータ・資料の共有・比較が可能,ict_function,16
E000298,FUNCTION_L1_分析・比較系機能,FUNCTION_L2_分析機能,hierarchy,
E000299,FUNCTION_L2_分析機能,FUNCTION_L3_データの自動グラフ化が可能,hierarchy,
E000300,ICT_L3_Googleスプレッドシート,FUNCTION_L3_データの自動グラフ化が可能,ict_function,16
E000301,OPPORTUNITY_L2_協働的に資料や成果物を編集・構築する活動,OPPORTUNITY_L3_クラウド上で成果を共有し協働的に確認・活用する活動,hierarchy,
E000302,FUNCTION_L3_生徒間でのデータ・資料の共有・比較が可能,OPPORTUNITY_L3_クラウド上で成果を共有し協働的に確認・活用する活動,function_opportunity,16
E000303,OPPORTUNITY_L2_データを収集し分析・整理する探究,OPPORTUNITY_L3_実験データを自動でグラフ化し結果を整理する活動,hierarchy,
E000304,FUNCTION_L3_データの自動グラフ化が可能,OPPORTUNITY_L3_実験データを自動でグラフ化し結果を整理する活動,function_opportunity,16
E000305,OPPORTUNITY_L2_観察結果の記録,OPPORTUNITY_L3_観察した内容を写真とコメントで記録する活動,hierarchy,
E000306,FUNCTION_L3_生徒間でのデータ・資料の共有・比較が可能,OPPORTUNITY_L3_観察した内容を写真とコメントで記録する活動,function_opportunity,16
E000307,EFFECT_L2_理科への興味・関心・意欲,EFFECT_L3_温度と体積への変化に対する学習意欲の高まりが促される,hierarchy,
E000308,UNIT_L1_小学校,UNIT_L2_小学校4年,hierarchy,
E000309,UNIT_L2_小学校4年,UNIT_L3_化学,hierarchy,
E000310,UNIT_L3_化学,UNIT_L4_金属水空気と温度（温度と体積の変化）,hierarchy,
E000311,EFFECT_L3_温度と体積への変化に対する学習意欲の高まりが促される,UNIT_L4_金属水空気と温度（温度と体積の変化）,effect_unit,16
E000312,ICT_L2_シミュレーションソフト,ICT_L3_ステラナビゲータ,hierarchy,
E000313,FUNCTION_L2_映像・画像の表示・拡大,FUNCTION_L3_観察映像や資料の視認性向上が可能,hierarchy,
E000314,ICT_L3_ステラナビゲータ,FUNCTION_L3_観察映像や資料の視認性向上が可能,ict_function,19
E000315,FUNCTION_L1_共有・協働・通信系機能,FUNCTION_L2_共同編集・共同作業,hierarchy,
E000316,FUNCTION_L2_共同編集・共同作業,FUNCTION_L3_複数人による協働編集が可能,hierarchy,
E000317,ICT_L3_ステラナビゲータ,FUNCTION_L3_複数人による協働編集が可能,ict_function,19
E000318,OPPORTUNITY_L2_意見や考察を交換し多様な視点を取りいれる討議活動,OPPORTUNITY_L3_生徒同士で画面を共有しながら天体運動について意見を交わす活動,hierarchy,
E000319,FUNCTION_L3_観察映像や資料の視認性向上が可能,OPPORTUNITY_L3_生徒同士で画面を共有しながら天体運動について意見を交わす活動,function_opportunity,19
E000320,FUNCTION_L3_複数人による協働編集が可能,OPPORTUNITY_L3_生徒同士で画面を共有しながら天体運動について意見を交わす活動,function_opportunity,19
E000321,EFFECT_L2_基礎知識の定着と活用,EFFECT_L3_記述による説明の正確さが向上する,hierarchy,
E000322,OPPORTUNITY_L3_生徒同士で画面を共有しながら天体運動について意見を交わす活動,EFFECT_L3_記述による説明の正確さが向上する,opportunity_effect,19
E000323,EFFECT_L2_科学的に考える力,EFFECT_L3_思考力が高まる,hierarchy,
E000324,OPPORTUNITY_L3_生徒同士で画面を共有しながら天体運動について意見を交わす活動,EFFECT_L3_思考力が高まる,opportunity_effect,19
E000325,UNIT_L3_地学,UNIT_L4_天体の動きと地球の自転・公転（日周運動と自転）,hierarchy,
E000326,EFFECT_L3_記述による説明の正確さが向上する,UNIT_L4_天体の動きと地球の自転・公転（日周運動と自転）,effect_unit,19
E000327,EFFECT_L3_思考力が高まる,UNIT_L4_天体の動きと地球の自転・公転（日周運動と自転）,effect_unit,19
E000328,ICT_L1_ソフトウェア,ICT_L2_データ,hierarchy,
E000329,ICT_L2_データ,ICT_L3_高知大学気象情報頁,hierarchy,
E000330,FUNCTION_L2_データ・現象の可視化,FUNCTION_L3_インターネット気象データの即時検索が可能,hierarchy,
E000331,ICT_L3_高知大学気象情報頁,FUNCTION_L3_インターネット気象データの即時検索が可能,ict_function,19
E000332,FUNCTION_L2_共同編集・共同作業,FUNCTION_L3_複数生徒による画面共有が可能,hierarchy,
E000333,ICT_L3_高知大学気象情報頁,FUNCTION_L3_複数生徒による画面共有が可能,ict_function,19
E000334,OPPORTUNITY_L2_意見や考察を交換し多様な視点を取りいれる討議活動,OPPORTUNITY_L3_気象データの比較結果をもとに進路の特徴について意見を交わす活動,hierarchy,
E000335,FUNCTION_L3_インターネット気象データの即時検索が可能,OPPORTUNITY_L3_気象データの比較結果をもとに進路の特徴について意見を交わす活動,function_opportunity,19
E000336,FUNCTION_L3_複数生徒による画面共有が可能,OPPORTUNITY_L3_気象データの比較結果をもとに進路の特徴について意見を交わす活動,function_opportunity,19
E000337,OPPORTUNITY_L2_観察や実験の結果をもとに科学的に考察を深める探究,OPPORTUNITY_L3_班で気象画像を分析しその内容をもとに考察を記述する活動,hierarchy,
E000338,FUNCTION_L3_インターネット気象データの即時検索が可能,OPPORTUNITY_L3_班で気象画像を分析しその内容をもとに考察を記述する活動,function_opportunity,19
E000339,FUNCTION_L3_複数生徒による画面共有が可能,OPPORTUNITY_L3_班で気象画像を分析しその内容をもとに考察を記述する活動,function_opportunity,19
E000340,EFFECT_L2_結果を分析し考察する力,EFFECT_L3_考察を正確にまとめる力が高まる,hierarchy,
E000341,OPPORTUNITY_L3_気象データの比較結果をもとに進路の特徴について意見を交わす活動,EFFECT_L3_考察を正確にまとめる力が高まる,opportunity_effect,19
E000342,OPPORTUNITY_L3_班で気象画像を分析しその内容をもとに考察を記述する活動,EFFECT_L3_考察を正確にまとめる力が高まる,opportunity_effect,19
E000343,OPPORTUNITY_L3_気象データの比較結果をもとに進路の特徴について意見を交わす活動,EFFECT_L3_思考力が高まる,opportunity_effect,19
E000344,UNIT_L2_小学校5年,UNIT_L3_地学,hierarchy,
E000345,UNIT_L3_地学,UNIT_L4_天気の変化,hierarchy,
E000346,EFFECT_L3_考察を正確にまとめる力が高まる,UNIT_L4_天気の変化,effect_unit,19
E000347,EFFECT_L3_思考力が高まる,UNIT_L4_天気の変化,effect_unit,19
E000348,FUNCTION_L2_データ・画像の記録,FUNCTION_L3_観察画像の撮影・保存が可能,hierarchy,
E000349,ICT_L3_カメラアプリ,FUNCTION_L3_観察画像の撮影・保存が可能,ict_function,19
E000350,FUNCTION_L2_比較・探索機能,FUNCTION_L3_撮影画像を用いた比較観察が可能,hierarchy,
E000351,ICT_L3_カメラアプリ,FUNCTION_L3_撮影画像を用いた比較観察が可能,ict_function,19
E000352,OPPORTUNITY_L2_観察や実験の結果をもとに科学的に考察を深める探究,OPPORTUNITY_L3_撮影画像を基に比較・考察する活動,hierarchy,
E000353,FUNCTION_L3_観察画像の撮影・保存が可能,OPPORTUNITY_L3_撮影画像を基に比較・考察する活動,function_opportunity,19
E000354,FUNCTION_L3_撮影画像を用いた比較観察が可能,OPPORTUNITY_L3_撮影画像を基に比較・考察する活動,function_opportunity,19
E000355,OPPORTUNITY_L2_意見や考察を交換し多様な視点を取りいれる討議活動,OPPORTUNITY_L3_班内で観察結果を共有し議論する活動,hierarchy,
E000356,FUNCTION_L3_撮影画像を用いた比較観察が可能,OPPORTUNITY_L3_班内で観察結果を共有し議論する活動,function_opportunity,19
E000357,EFFECT_L2_観察・実験の技能の習得,EFFECT_L3_実験の手順や方法に関する理解が深まる,hierarchy,
E000358,OPPORTUNITY_L3_撮影画像を基に比較・考察する活動,EFFECT_L3_実験の手順や方法に関する理解が深まる,opportunity_effect,19
E000359,EFFECT_L2_理科への興味・関心・意欲,EFFECT_L3_でんぷんの生成や植物のはたらきに対する興味・関心が高まる,hierarchy,
E000360,OPPORTUNITY_L3_班内で観察結果を共有し議論する活動,EFFECT_L3_でんぷんの生成や植物のはたらきに対する興味・関心が高まる,opportunity_effect,19
E000361,UNIT_L3_生物,UNIT_L4_植物の養分と水の通り道（でんぷんのでき方）,hierarchy,
E000362,EFFECT_L3_実験の手順や方法に関する理解が深まる,UNIT_L4_植物の養分と水の通り道（でんぷんのでき方）,effect_unit,19
E000363,EFFECT_L3_でんぷんの生成や植物のはたらきに対する興味・関心が高まる,UNIT_L4_植物の養分と水の通り道（でんぷんのでき方）,effect_unit,19
E000364,ICT_L2_表示機器,ICT_L3_IWB(電子黒板),hierarchy,
E000365,FUNCTION_L2_学習ログ・記録の整理,FUNCTION_L3_実験結果の記録が可能,hierarchy,
E000366,ICT_L3_カメラアプリ,FUNCTION_L3_実験結果の記録が可能,ict_function,20
E000367,FUNCTION_L2_データ・資料の共有,FUNCTION_L3_実験結果の共有が可能,hierarchy,
E000368,ICT_L3_IWB(電子黒板),FUNCTION_L3_実験結果の共有が可能,ict_function,20
E000369,OPPORTUNITY_L2_実験結果の記録,OPPORTUNITY_L3_実験で得られた結果を記録・整理する活動,hierarchy,
E000370,FUNCTION_L3_実験結果の記録が可能,OPPORTUNITY_L3_実験で得られた結果を記録・整理する活動,function_opportunity,20
E000371,EFFECT_L2_科学的に考える力,EFFECT_L3_実験・観察で得られた結果をもとにした科学的な思考が深まる,hierarchy,
E000372,OPPORTUNITY_L3_実験で得られた結果を記録・整理する活動,EFFECT_L3_実験・観察で得られた結果をもとにした科学的な思考が深まる,opportunity_effect,20
E000373,EFFECT_L2_科学的に表現し説明する力,EFFECT_L3_科学的な表現力が向上する,hierarchy,
E000374,UNIT_L2_中学校3年,UNIT_L3_化学,hierarchy,
E000375,UNIT_L3_化学,UNIT_L4_水溶液とイオン（原子の成り立ちとイオン）,hierarchy,
E000376,EFFECT_L3_実験・観察で得られた結果をもとにした科学的な思考が深まる,UNIT_L4_水溶液とイオン（原子の成り立ちとイオン）,effect_unit,20
E000377,EFFECT_L3_科学的な表現力が向上する,UNIT_L4_水溶液とイオン（原子の成り立ちとイオン）,effect_unit,20
E000378,FUNCTION_L2_空間・地形情報の可視化,FUNCTION_L3_天体の動きを視覚的に確認できることが可能,hierarchy,
E000379,ICT_L3_タブレット端末,FUNCTION_L3_天体の動きを視覚的に確認できることが可能,ict_function,20
E000380,ICT_L3_ステラナビゲータ,FUNCTION_L3_天体の動きを視覚的に確認できることが可能,ict_function,20
E000381,FUNCTION_L2_学習支援・管理,FUNCTION_L3_反復学習が可能,hierarchy,
E000382,ICT_L3_タブレット端末,FUNCTION_L3_反復学習が可能,ict_function,20
E000383,ICT_L3_ステラナビゲータ,FUNCTION_L3_反復学習が可能,ict_function,20
E000384,OPPORTUNITY_L2_天体や自然現象の時間的変化を捉える観察,OPPORTUNITY_L3_星の連続的な動きを視覚的に観察する活動,hierarchy,
E000385,FUNCTION_L3_天体の動きを視覚的に確認できることが可能,OPPORTUNITY_L3_星の連続的な動きを視覚的に観察する活動,function_opportunity,20
E000386,OPPORTUNITY_L2_その他の探究,OPPORTUNITY_L3_生徒が自分の理解度に合わせて内容を繰り返し学ぶ活動,hierarchy,
E000387,FUNCTION_L3_反復学習が可能,OPPORTUNITY_L3_生徒が自分の理解度に合わせて内容を繰り返し学ぶ活動,function_opportunity,20
E000388,EFFECT_L2_自然現象等の理解,EFFECT_L3_天体の動きに関する理解が深まる,hierarchy,
E000389,OPPORTUNITY_L3_星の連続的な動きを視覚的に観察する活動,EFFECT_L3_天体の動きに関する理解が深まる,opportunity_effect,20
E000390,EFFECT_L2_理科への興味・関心・意欲,EFFECT_L3_星の動きや位置変化に対する興味・関心が高まる,hierarchy,
E000391,UNIT_L3_地学,UNIT_L4_天体の動きと地球の自転・公転,hierarchy,
E000392,EFFECT_L3_天体の動きに関する理解が深まる,UNIT_L4_天体の動きと地球の自転・公転,effect_unit,20
E000393,EFFECT_L3_星の動きや位置変化に対する興味・関心が高まる,UNIT_L4_天体の動きと地球の自転・公転,effect_unit,20
E000394,ICT_L2_学習支援・学習管理システム,ICT_L3_WebKF,hierarchy,
E000395,ICT_L3_WebKF,FUNCTION_L3_デジタルノートによる情報共有が可能,ict_function,23
E000396,FUNCTION_L2_データ・資料の共有,FUNCTION_L3_他者（他班）ノートの閲覧が可能,hierarchy,
E000397,ICT_L3_WebKF,FUNCTION_L3_他者（他班）ノートの閲覧が可能,ict_function,23
E000398,FUNCTION_L2_比較・探索機能,FUNCTION_L3_情報探索活動の蓄積が可能,hierarchy,
E000399,ICT_L3_WebKF,FUNCTION_L3_情報探索活動の蓄積が可能,ict_function,23
E000400,OPPORTUNITY_L2_仮説を立て・検証計画を立案する探究,OPPORTUNITY_L3_他班のデジタルノートを参照し自班の実験計画を検討する活動,hierarchy,
E000401,FUNCTION_L3_デジタルノートによる情報共有が可能,OPPORTUNITY_L3_他班のデジタルノートを参照し自班の実験計画を検討する活動,function_opportunity,23
E000402,FUNCTION_L3_他者（他班）ノートの閲覧が可能,OPPORTUNITY_L3_他班のデジタルノートを参照し自班の実験計画を検討する活動,function_opportunity,23
E000403,OPPORTUNITY_L2_意見や考察を交換し多様な視点を取りいれる討議活動,OPPORTUNITY_L3_デジタルノートの内容を参照しそれをもとに対面で意見を交わす活動,hierarchy,
E000404,FUNCTION_L3_他者（他班）ノートの閲覧が可能,OPPORTUNITY_L3_デジタルノートの内容を参照しそれをもとに対面で意見を交わす活動,function_opportunity,23
E000405,FUNCTION_L3_情報探索活動の蓄積が可能,OPPORTUNITY_L3_デジタルノートの内容を参照しそれをもとに対面で意見を交わす活動,function_opportunity,23
E000406,EFFECT_L2_協同的に学ぶ力・社会とのつながり,EFFECT_L3_他者の知識や考えを活用して自分の理解を深める学びが促進される,hierarchy,
E000407,OPPORTUNITY_L3_他班のデジタルノートを参照し自班の実験計画を検討する活動,EFFECT_L3_他者の知識や考えを活用して自分の理解を深める学びが促進される,opportunity_effect,23
E000408,EFFECT_L2_協同的に学ぶ力・社会とのつながり,EFFECT_L3_オンライン上での相互交流が対面での対話や協働的学びを促進する,hierarchy,
E000409,OPPORTUNITY_L3_デジタルノートの内容を参照しそれをもとに対面で意見を交わす活動,EFFECT_L3_オンライン上での相互交流が対面での対話や協働的学びを促進する,opportunity_effect,23
E000410,UNIT_L2_小学校5年,UNIT_L3_化学,hierarchy,
E000411,UNIT_L3_化学,UNIT_L4_ものの溶け方,hierarchy,
E000412,EFFECT_L3_他者の知識や考えを活用して自分の理解を深める学びが促進される,UNIT_L4_ものの溶け方,effect_unit,23
E000413,EFFECT_L3_オンライン上での相互交流が対面での対話や協働的学びを促進する,UNIT_L4_ものの溶け方,effect_unit,23
E000414,ICT_L2_シミュレーションソフト,ICT_L3_Mitaka_Plus,hierarchy,
E000415,ICT_L2_表示機器,ICT_L3_スクリーン,hierarchy,
E000416,FUNCTION_L2_空間・地形情報の可視化,FUNCTION_L3_天体の動きを時間経過に応じて連続的に再現することが可能,hierarchy,
E000417,ICT_L3_スクリーン,FUNCTION_L3_天体の動きを時間経過に応じて連続的に再現することが可能,ict_function,24
E000418,FUNCTION_L2_空間・地形情報の可視化,FUNCTION_L3_観測の日時や観測地点を変更して天体の位置を比較観察することが可能,hierarchy,
E000419,ICT_L3_スクリーン,FUNCTION_L3_観測の日時や観測地点を変更して天体の位置を比較観察することが可能,ict_function,24
E000420,FUNCTION_L2_空間・地形情報の可視化,FUNCTION_L3_撮影した観察地点のパノラマ写真を地上画像として取り込むことが可能,hierarchy,
E000421,ICT_L3_スクリーン,FUNCTION_L3_撮影した観察地点のパノラマ写真を地上画像として取り込むことが可能,ict_function,24
E000422,FUNCTION_L2_空間・地形情報の可視化,FUNCTION_L3_表示画面全体を水平方向に回転させて視点の変化を再現することが可能,hierarchy,
E000423,FUNCTION_L3_天体の動きを時間経過に応じて連続的に再現することが可能,OPPORTUNITY_L3_星の連続的な動きを視覚的に観察する活動,function_opportunity,24
E000424,FUNCTION_L3_観測の日時や観測地点を変更して天体の位置を比較観察することが可能,OPPORTUNITY_L3_星の連続的な動きを視覚的に観察する活動,function_opportunity,24
E000425,OPPORTUNITY_L2_空間的配置や方位の変化を捉える観察,OPPORTUNITY_L3_地上画像を分析して方位を判断し空間的な位置関係を理解する活動,hierarchy,
E000426,FUNCTION_L3_撮影した観察地点のパノラマ写真を地上画像として取り込むことが可能,OPPORTUNITY_L3_地上画像を分析して方位を判断し空間的な位置関係を理解する活動,function_opportunity,24
E000427,FUNCTION_L3_表示画面全体を水平方向に回転させて視点の変化を再現することが可能,OPPORTUNITY_L3_地上画像を分析して方位を判断し空間的な位置関係を理解する活動,function_opportunity,24
E000428,EFFECT_L2_自然現象等の理解,EFFECT_L3_方位や位置関係に関する理解が深まる,hierarchy,
E000429,OPPORTUNITY_L3_星の連続的な動きを視覚的に観察する活動,EFFECT_L3_方位や位置関係に関する理解が深まる,opportunity_effect,24
E000430,OPPORTUNITY_L3_地上画像を分析して方位を判断し空間的な位置関係を理解する活動,EFFECT_L3_方位や位置関係に関する理解が深まる,opportunity_effect,24
E000431,EFFECT_L2_理科への興味・関心・意欲,EFFECT_L3_月や星の動きに対する興味・関心が高まる,hierarchy,
E000432,UNIT_L2_小学校4年,UNIT_L3_地学,hierarchy,
E000433,UNIT_L3_地学,UNIT_L4_月と星,hierarchy,
E000434,EFFECT_L3_方位や位置関係に関する理解が深まる,UNIT_L4_月と星,effect_unit,24
E000435,EFFECT_L3_月や星の動きに対する興味・関心が高まる,UNIT_L4_月と星,effect_unit,24
E000436,ICT_L2_学習支援・学習管理システム,ICT_L3_ロイロノート・スクール,hierarchy,
E000437,FUNCTION_L2_学習ログ・記録の整理,FUNCTION_L3_学習記録の可視化が可能,hierarchy,
E000438,ICT_L3_ロイロノート・スクール,FUNCTION_L3_学習記録の可視化が可能,ict_function,26
E000439,FUNCTION_L2_学習支援・管理,FUNCTION_L3_学習プロセスの俯瞰的把握が可能,hierarchy,
E000440,ICT_L3_ロイロノート・スクール,FUNCTION_L3_学習プロセスの俯瞰的把握が可能,ict_function,26
E000441,ICT_L3_Google_スライド,FUNCTION_L3_生徒間でのデータ・資料の共有・比較が可能,ict_function,26
E000442,OPPORTUNITY_L2_学びの成果を発表・伝達する活動,OPPORTUNITY_L3_グループで協働して発表内容を構成しプレゼンテーションとして発信する活動,hierarchy,
E000443,FUNCTION_L3_学習記録の可視化が可能,OPPORTUNITY_L3_グループで協働して発表内容を構成しプレゼンテーションとして発信する活動,function_opportunity,26
E000444,OPPORTUNITY_L2_観察や実験の結果をもとに科学的に考察を深める探究,OPPORTUNITY_L3_過去のデータを振り返りその内容をもとに考察する活動,hierarchy,
E000445,FUNCTION_L3_学習プロセスの俯瞰的把握が可能,OPPORTUNITY_L3_過去のデータを振り返りその内容をもとに考察する活動,function_opportunity,26
E000446,FUNCTION_L3_生徒間でのデータ・資料の共有・比較が可能,OPPORTUNITY_L3_過去のデータを振り返りその内容をもとに考察する活動,function_opportunity,26
E000447,EFFECT_L2_主体的に学習に取り組む力,EFFECT_L3_行動的エンゲージメントの増加が促進される,hierarchy,
E000448,OPPORTUNITY_L3_グループで協働して発表内容を構成しプレゼンテーションとして発信する活動,EFFECT_L3_行動的エンゲージメントの増加が促進される,opportunity_effect,26
E000449,OPPORTUNITY_L3_過去のデータを振り返りその内容をもとに考察する活動,EFFECT_L3_行動的エンゲージメントの増加が促進される,opportunity_effect,26
E000450,EFFECT_L2_主体的に学習に取り組む力,EFFECT_L3_振り返りを通じて学習を調整するメタ認知的な力が育まれる,hierarchy,
E000451,OPPORTUNITY_L3_グループで協働して発表内容を構成しプレゼンテーションとして発信する活動,EFFECT_L3_振り返りを通じて学習を調整するメタ認知的な力が育まれる,opportunity_effect,26
E000452,OPPORTUNITY_L3_過去のデータを振り返りその内容をもとに考察する活動,EFFECT_L3_振り返りを通じて学習を調整するメタ認知的な力が育まれる,opportunity_effect,26
E000453,EFFECT_L2_協同的に学ぶ力・社会とのつながり,EFFECT_L3_協働して学ぶための工夫（方略の活用）が促される,hierarchy,
E000454,OPPORTUNITY_L3_グループで協働して発表内容を構成しプレゼンテーションとして発信する活動,EFFECT_L3_協働して学ぶための工夫（方略の活用）が促される,opportunity_effect,26
E000455,UNIT_L2_中学校1年,UNIT_L3_物理,hierarchy,
E000456,UNIT_L3_物理,UNIT_L4_光と音,hierarchy,
E000457,EFFECT_L3_行動的エンゲージメントの増加が促進される,UNIT_L4_光と音,effect_unit,26
E000458,EFFECT_L3_振り返りを通じて学習を調整するメタ認知的な力が育まれる,UNIT_L4_光と音,effect_unit,26
E000459,EFFECT_L3_協働して学ぶための工夫（方略の活用）が促される,UNIT_L4_光と音,effect_unit,26
E000460,ICT_L3_PowerPoint,FUNCTION_L3_複数人による協働編集が可能,ict_function,28
E000461,FUNCTION_L2_データ・資料の共有,FUNCTION_L3_他者の資料を個人端末で参照することが可能,hierarchy,
E000462,ICT_L3_PowerPoint,FUNCTION_L3_他者の資料を個人端末で参照することが可能,ict_function,28
E000463,FUNCTION_L2_意見・評価の共有,FUNCTION_L3_即時的な意見共有が可能,hierarchy,
E000464,ICT_L3_PowerPoint,FUNCTION_L3_即時的な意見共有が可能,ict_function,28
E000465,OPPORTUNITY_L2_学びを整理し自らの理解を表現する活動,OPPORTUNITY_L3_個人が自らの判断で内容や構成を決め資料を作成する活動,hierarchy,
E000466,FUNCTION_L3_他者の資料を個人端末で参照することが可能,OPPORTUNITY_L3_個人が自らの判断で内容や構成を決め資料を作成する活動,function_opportunity,28
E000467,OPPORTUNITY_L2_学びを整理し自らの理解を表現する活動,OPPORTUNITY_L3_グループで協働しながら発表用資料を編集・構成する活動,hierarchy,
E000468,FUNCTION_L3_複数人による協働編集が可能,OPPORTUNITY_L3_グループで協働しながら発表用資料を編集・構成する活動,function_opportunity,28
E000469,OPPORTUNITY_L2_観察や実験結果・考察などを共有し他者と比較・確認する活動,OPPORTUNITY_L3_全員がクラウド上で即時に評価や感想を共有する活動,hierarchy,
E000470,FUNCTION_L3_即時的な意見共有が可能,OPPORTUNITY_L3_全員がクラウド上で即時に評価や感想を共有する活動,function_opportunity,28
E000471,EFFECT_L2_主体的に学習に取り組む力,EFFECT_L3_自律的に学習に取り組む姿勢が育まれる,hierarchy,
E000472,OPPORTUNITY_L3_個人が自らの判断で内容や構成を決め資料を作成する活動,EFFECT_L3_自律的に学習に取り組む姿勢が育まれる,opportunity_effect,28
E000473,EFFECT_L2_主体的に学習に取り組む力,EFFECT_L3_学習への自信や有能感が高まる,hierarchy,
E000474,OPPORTUNITY_L3_グループで協働しながら発表用資料を編集・構成する活動,EFFECT_L3_学習への自信や有能感が高まる,opportunity_effect,28
E000475,EFFECT_L2_科学的概念・法則の理解,EFFECT_L3_結合と結晶に関する理解が深まる,hierarchy,
E000476,OPPORTUNITY_L3_全員がクラウド上で即時に評価や感想を共有する活動,EFFECT_L3_結合と結晶に関する理解が深まる,opportunity_effect,28
E000477,UNIT_L2_中学校2年,UNIT_L3_化学,hierarchy,
E000478,UNIT_L3_化学,UNIT_L4_物質の成り立ち,hierarchy,
E000479,EFFECT_L3_自律的に学習に取り組む姿勢が育まれる,UNIT_L4_物質の成り立ち,effect_unit,28
E000480,EFFECT_L3_学習への自信や有能感が高まる,UNIT_L4_物質の成り立ち,effect_unit,28
E000481,EFFECT_L3_結合と結晶に関する理解が深まる,UNIT_L4_物質の成り立ち,effect_unit,28
E000482,ICT_L3_PowerPoint,FUNCTION_L3_実験結果の共有が可能,ict_function,28
E000483,ICT_L3_PowerPoint,FUNCTION_L3_他者の資料・発表内容をリアルタイムに参照可能,ict_function,28
E000484,OPPORTUNITY_L2_条件を操作して変化や法則を確かめる実験,OPPORTUNITY_L3_学習者が自らの判断で条件や手順を決め個別に実験を行う活動,hierarchy,
E000485,FUNCTION_L3_他者の資料・発表内容をリアルタイムに参照可能,OPPORTUNITY_L3_学習者が自らの判断で条件や手順を決め個別に実験を行う活動,function_opportunity,28
E000486,OPPORTUNITY_L2_観察や実験結果・考察などを共有し他者と比較・確認する活動,OPPORTUNITY_L3_実験で得られたデータをデジタルで共有する活動,hierarchy,
E000487,FUNCTION_L3_実験結果の共有が可能,OPPORTUNITY_L3_実験で得られたデータをデジタルで共有する活動,function_opportunity,28
E000488,OPPORTUNITY_L3_学習者が自らの判断で条件や手順を決め個別に実験を行う活動,EFFECT_L3_自律的に学習に取り組む姿勢が育まれる,opportunity_effect,28
E000489,OPPORTUNITY_L3_学習者が自らの判断で条件や手順を決め個別に実験を行う活動,EFFECT_L3_学習への自信や有能感が高まる,opportunity_effect,28
E000490,EFFECT_L2_科学的概念・法則の理解,EFFECT_L3_電流と磁界の関係に関する理解が深まる,hierarchy,
E000491,OPPORTUNITY_L3_学習者が自らの判断で条件や手順を決め個別に実験を行う活動,EFFECT_L3_電流と磁界の関係に関する理解が深まる,opportunity_effect,28
E000492,OPPORTUNITY_L3_実験で得られたデータをデジタルで共有する活動,EFFECT_L3_電流と磁界の関係に関する理解が深まる,opportunity_effect,28
E000493,UNIT_L2_中学校2年,UNIT_L3_物理,hierarchy,
E000494,UNIT_L3_物理,UNIT_L4_電流と磁界,hierarchy,
E000495,EFFECT_L3_自律的に学習に取り組む姿勢が育まれる,UNIT_L4_電流と磁界,effect_unit,28
E000496,EFFECT_L3_学習への自信や有能感が高まる,UNIT_L4_電流と磁界,effect_unit,28
E000497,EFFECT_L3_電流と磁界の関係に関する理解が深まる,UNIT_L4_電流と磁界,effect_unit,28
E000498,FUNCTION_L2_データ・資料の共有,FUNCTION_L3_共有フォルダを通じた相互参照を特徴とする,hierarchy,
E000499,ICT_L3_ロイロノート・スクール,FUNCTION_L3_共有フォルダを通じた相互参照を特徴とする,ict_function,29
E000500,OPPORTUNITY_L2_他者の成果を参照し自らの考えを再構成する活動,OPPORTUNITY_L3_共有フォルダを利用して互いの資料や結果を参照し合う活動,hierarchy,
E000501,FUNCTION_L3_共有フォルダを通じた相互参照を特徴とする,OPPORTUNITY_L3_共有フォルダを利用して互いの資料や結果を参照し合う活動,function_opportunity,29
E000502,OPPORTUNITY_L2_学びを振り返り理解を再構築する探究,OPPORTUNITY_L3_自らの表現を振り返って改善点を見出し内容を修正する活動,hierarchy,
E000503,FUNCTION_L3_共有フォルダを通じた相互参照を特徴とする,OPPORTUNITY_L3_自らの表現を振り返って改善点を見出し内容を修正する活動,function_opportunity,29
E000504,EFFECT_L2_結果を分析し考察する力,EFFECT_L3_他者の考えや回答を比較・検討し自分の考えを深める力が育まれる,hierarchy,
E000505,OPPORTUNITY_L3_共有フォルダを利用して互いの資料や結果を参照し合う活動,EFFECT_L3_他者の考えや回答を比較・検討し自分の考えを深める力が育まれる,opportunity_effect,29
E000506,OPPORTUNITY_L3_自らの表現を振り返って改善点を見出し内容を修正する活動,EFFECT_L3_自律的に学習に取り組む姿勢が育まれる,opportunity_effect,29
E000507,UNIT_L1_高等学校,UNIT_L2_高等学校1年,hierarchy,
E000508,UNIT_L2_高等学校1年,UNIT_L3_化学,hierarchy,
E000509,UNIT_L3_化学,UNIT_L4_化学反応（酸化と還元）,hierarchy,
E000510,EFFECT_L3_他者の考えや回答を比較・検討し自分の考えを深める力が育まれる,UNIT_L4_化学反応（酸化と還元）,effect_unit,29
E000511,EFFECT_L3_自律的に学習に取り組む姿勢が育まれる,UNIT_L4_化学反応（酸化と還元）,effect_unit,29
E000512,ICT_L2_コミュニケーション・共有ツール,ICT_L3_Instagram,hierarchy,
E000513,FUNCTION_L2_データ・画像の記録,FUNCTION_L3_写真撮影とコメントの同時記録が可能,hierarchy,
E000514,ICT_L3_Instagram,FUNCTION_L3_写真撮影とコメントの同時記録が可能,ict_function,32
E000515,FUNCTION_L2_学習ログ・記録の整理,FUNCTION_L3_観察結果の経時的記録が可能,hierarchy,
E000516,ICT_L3_Instagram,FUNCTION_L3_観察結果の経時的記録が可能,ict_function,32
E000517,FUNCTION_L2_データ・画像の記録,FUNCTION_L3_ハッシュタグによる検索・分類が可能,hierarchy,
E000518,ICT_L3_Instagram,FUNCTION_L3_ハッシュタグによる検索・分類が可能,ict_function,32
E000519,FUNCTION_L2_リアルタイム通信・対話,FUNCTION_L3_外部ユーザーとの相互交流が可能,hierarchy,
E000520,FUNCTION_L1_編集・加工系機能,FUNCTION_L2_画像・データ加工,hierarchy,
E000521,FUNCTION_L2_画像・データ加工,FUNCTION_L3_画像加工が可能,hierarchy,
E000522,FUNCTION_L3_写真撮影とコメントの同時記録が可能,OPPORTUNITY_L3_観察した内容を写真とコメントで記録する活動,function_opportunity,32
E000523,FUNCTION_L3_観察結果の経時的記録が可能,OPPORTUNITY_L3_観察した内容を写真とコメントで記録する活動,function_opportunity,32
E000524,FUNCTION_L3_ハッシュタグによる検索・分類が可能,OPPORTUNITY_L3_観察した内容を写真とコメントで記録する活動,function_opportunity,32
E000525,OPPORTUNITY_L2_遠隔交流や専門家との対話を通して学びを広げる活動,OPPORTUNITY_L3_SNS上で観察結果を発信し他者からの反応を受け取る活動,hierarchy,
E000526,FUNCTION_L3_外部ユーザーとの相互交流が可能,OPPORTUNITY_L3_SNS上で観察結果を発信し他者からの反応を受け取る活動,function_opportunity,32
E000527,OPPORTUNITY_L2_学びを整理し自らの理解を表現する活動,OPPORTUNITY_L3_観察記録を加工・編集し自分の観察視点を明確にして表現する活動,hierarchy,
E000528,FUNCTION_L3_画像加工が可能,OPPORTUNITY_L3_観察記録を加工・編集し自分の観察視点を明確にして表現する活動,function_opportunity,32
E000529,EFFECT_L2_観察・実験の技能の習得,EFFECT_L3_観察記録の正確さや精度が高まる,hierarchy,
E000530,OPPORTUNITY_L3_観察した内容を写真とコメントで記録する活動,EFFECT_L3_観察記録の正確さや精度が高まる,opportunity_effect,32
E000531,OPPORTUNITY_L3_SNS上で観察結果を発信し他者からの反応を受け取る活動,EFFECT_L3_観察に対する意欲が高まる,opportunity_effect,32
E000532,EFFECT_L2_科学的に表現し説明する力,EFFECT_L3_美的感性と創造的な表現が豊かになる,hierarchy,
E000533,OPPORTUNITY_L3_観察記録を加工・編集し自分の観察視点を明確にして表現する活動,EFFECT_L3_美的感性と創造的な表現が豊かになる,opportunity_effect,32
E000534,UNIT_L2_高等学校3年,UNIT_L3_生物,hierarchy,
E000535,UNIT_L3_生物,UNIT_L4_生態系とその保全,hierarchy,
E000536,EFFECT_L3_観察記録の正確さや精度が高まる,UNIT_L4_生態系とその保全,effect_unit,32
E000537,EFFECT_L3_観察に対する意欲が高まる,UNIT_L4_生態系とその保全,effect_unit,32
E000538,EFFECT_L3_美的感性と創造的な表現が豊かになる,UNIT_L4_生態系とその保全,effect_unit,32
E000539,ICT_L2_学習支援・学習管理システム,ICT_L3_Microsoft_Teams_Education,hierarchy,
E000540,FUNCTION_L2_学習ログ・記録の整理,FUNCTION_L3_学習記録の検索が可能,hierarchy,
E000541,ICT_L3_Microsoft_Teams_Education,FUNCTION_L3_学習記録の検索が可能,ict_function,33
E000542,FUNCTION_L2_学習ログ・記録の整理,FUNCTION_L3_学習記録の分類が可能,hierarchy,
E000543,ICT_L3_Microsoft_Teams_Education,FUNCTION_L3_学習記録の分類が可能,ict_function,33
E000544,FUNCTION_L2_学習ログ・記録の整理,FUNCTION_L3_学習記録の整理が可能,hierarchy,
E000545,ICT_L3_PowerPoint,FUNCTION_L3_学習記録の整理が可能,ict_function,33
E000546,OPPORTUNITY_L2_学びを振り返り理解を再構築する探究,OPPORTUNITY_L3_個人端末を活用して自らの学習内容や過程を振り返る活動,hierarchy,
E000547,FUNCTION_L3_学習記録の検索が可能,OPPORTUNITY_L3_個人端末を活用して自らの学習内容や過程を振り返る活動,function_opportunity,33
E000548,FUNCTION_L3_学習記録の分類が可能,OPPORTUNITY_L3_個人端末を活用して自らの学習内容や過程を振り返る活動,function_opportunity,33
E000549,FUNCTION_L3_学習記録の整理が可能,OPPORTUNITY_L3_個人端末を活用して自らの学習内容や過程を振り返る活動,function_opportunity,33
E000550,EFFECT_L2_理科への興味・関心・意欲,EFFECT_L3_電流とその利用に関する内容への興味や楽しさが促される,hierarchy,
E000551,OPPORTUNITY_L3_個人端末を活用して自らの学習内容や過程を振り返る活動,EFFECT_L3_電流とその利用に関する内容への興味や楽しさが促される,opportunity_effect,33
E000552,EFFECT_L3_電流とその利用に関する内容への興味や楽しさが促される,UNIT_L4_電流と磁界,effect_unit,33
E000553,ICT_L2_メディア・映像・画像,ICT_L3_Panoweaver,hierarchy,
E000554,ICT_L1_ハードウェア,ICT_L2_撮影機器,hierarchy,
E000555,ICT_L2_撮影機器,ICT_L3_THETA,hierarchy,
E000556,ICT_L2_メディア・映像・画像,ICT_L3_360度映像,hierarchy,
E000557,ICT_L3_iPad,ICT_L3_360度映像,ict_combination,36
E000558,ICT_L3_Panoweaver,ICT_L3_360度映像,ict_combination,36
E000559,ICT_L3_THETA,ICT_L3_360度映像,ict_combination,36
E000560,ICT_L3_Mitaka_Plus,ICT_L3_360度映像,ict_combination,36
E000561,FUNCTION_L2_空間・地形情報の可視化,FUNCTION_L3_360視点で太陽の日周運動を観察することが可能,hierarchy,
E000562,ICT_L3_360度映像,FUNCTION_L3_360視点で太陽の日周運動を観察することが可能,ict_function,36
E000563,FUNCTION_L2_空間・地形情報の可視化,FUNCTION_L3_方位と時間を同時に確認することが可能,hierarchy,
E000564,ICT_L3_360度映像,FUNCTION_L3_方位と時間を同時に確認することが可能,ict_function,36
E000565,FUNCTION_L2_空間・地形情報の可視化,FUNCTION_L3_身体動作により太陽の運動をトレースすることが可能,hierarchy,
E000566,ICT_L3_360度映像,FUNCTION_L3_身体動作により太陽の運動をトレースすることが可能,ict_function,36
E000567,FUNCTION_L2_空間・地形情報の可視化,FUNCTION_L3_地上視点から太陽の動きを観察することが可能,hierarchy,
E000568,FUNCTION_L2_空間・地形情報の可視化,FUNCTION_L3_グリッド線により方位を視覚的に把握することが可能,hierarchy,
E000569,FUNCTION_L2_映像・画像の表示・拡大,FUNCTION_L3_俯瞰視点で自分の身体動作を観察することが可能,hierarchy,
E000570,OPPORTUNITY_L2_天体や自然現象の時間的変化を捉える観察,OPPORTUNITY_L3_太陽の動きをトレースする活動,hierarchy,
E000571,FUNCTION_L3_360視点で太陽の日周運動を観察することが可能,OPPORTUNITY_L3_太陽の動きをトレースする活動,function_opportunity,36
E000572,FUNCTION_L3_方位と時間を同時に確認することが可能,OPPORTUNITY_L3_太陽の動きをトレースする活動,function_opportunity,36
E000573,FUNCTION_L3_身体動作により太陽の運動をトレースすることが可能,OPPORTUNITY_L3_太陽の動きをトレースする活動,function_opportunity,36
E000574,FUNCTION_L3_地上視点から太陽の動きを観察することが可能,OPPORTUNITY_L3_太陽の動きをトレースする活動,function_opportunity,36
E000575,OPPORTUNITY_L2_空間的配置や方位の変化を捉える観察,OPPORTUNITY_L3_グリッド線を手がかりに太陽の位置と方位を正確に認識する活動,hierarchy,
E000576,FUNCTION_L3_グリッド線により方位を視覚的に把握することが可能,OPPORTUNITY_L3_グリッド線を手がかりに太陽の位置と方位を正確に認識する活動,function_opportunity,36
E000577,OPPORTUNITY_L2_空間的配置や方位の変化を捉える観察,OPPORTUNITY_L3_方位や建物を目印に月の高さと方向を観察して空間的な位置を把握する活動,hierarchy,
E000578,FUNCTION_L3_俯瞰視点で自分の身体動作を観察することが可能,OPPORTUNITY_L3_方位や建物を目印に月の高さと方向を観察して空間的な位置を把握する活動,function_opportunity,36
E000579,EFFECT_L2_自然現象等の理解,EFFECT_L3_南中位置と季節の違いに関する理解が深まる,hierarchy,
E000580,OPPORTUNITY_L3_太陽の動きをトレースする活動,EFFECT_L3_南中位置と季節の違いに関する理解が深まる,opportunity_effect,36
E000581,EFFECT_L2_自然現象等の理解,EFFECT_L3_日の出・日の入りの方位に関する理解が深まる,hierarchy,
E000582,OPPORTUNITY_L3_グリッド線を手がかりに太陽の位置と方位を正確に認識する活動,EFFECT_L3_日の出・日の入りの方位に関する理解が深まる,opportunity_effect,36
E000583,OPPORTUNITY_L3_方位や建物を目印に月の高さと方向を観察して空間的な位置を把握する活動,EFFECT_L3_日の出・日の入りの方位に関する理解が深まる,opportunity_effect,36
E000584,UNIT_L3_地学,UNIT_L4_天体の動きと地球の自転・公転（年周運動と公転）,hierarchy,
E000585,EFFECT_L3_南中位置と季節の違いに関する理解が深まる,UNIT_L4_天体の動きと地球の自転・公転（年周運動と公転）,effect_unit,36
E000586,EFFECT_L3_日の出・日の入りの方位に関する理解が深まる,UNIT_L4_天体の動きと地球の自転・公転（年周運動と公転）,effect_unit,36
E000587,ICT_L2_メディア・映像・画像,ICT_L3_Photoshop,hierarchy,
E000588,ICT_L2_シミュレーションソフト,ICT_L3_2Dシミュレーション,hierarchy,
E000589,ICT_L3_ステラナビゲータ,ICT_L3_2Dシミュレーション,ict_combination,37
E000590,ICT_L3_Photoshop,ICT_L3_2Dシミュレーション,ict_combination,37
E000591,ICT_L3_スクリーン,ICT_L3_2Dシミュレーション,ict_combination,37
E000592,FUNCTION_L2_空間・地形情報の可視化,FUNCTION_L3_既知の地上画像を背景として星の動きを再現することが可能,hierarchy,
E000593,ICT_L3_2Dシミュレーション,FUNCTION_L3_既知の地上画像を背景として星の動きを再現することが可能,ict_function,37
E000594,FUNCTION_L2_空間・地形情報の可視化,FUNCTION_L3_星の動きや方位を視覚的に比較することが可能,hierarchy,
E000595,ICT_L3_2Dシミュレーション,FUNCTION_L3_星の動きや方位を視覚的に比較することが可能,ict_function,37
E000596,OPPORTUNITY_L2_モデル化された現象の観察,OPPORTUNITY_L3_既知の地上画像を背景に天体の動きをシミュレーションで観察する活動,hierarchy,
E000597,FUNCTION_L3_既知の地上画像を背景として星の動きを再現することが可能,OPPORTUNITY_L3_既知の地上画像を背景に天体の動きをシミュレーションで観察する活動,function_opportunity,37
E000598,EFFECT_L2_自然現象等の理解,EFFECT_L3_星の動きや位置方位の関係に関する理解が深まる,hierarchy,
E000599,OPPORTUNITY_L3_既知の地上画像を背景に天体の動きをシミュレーションで観察する活動,EFFECT_L3_星の動きや位置方位の関係に関する理解が深まる,opportunity_effect,37
E000600,EFFECT_L3_星の動きや位置方位の関係に関する理解が深まる,UNIT_L4_月と星,effect_unit,37
E000601,EFFECT_L3_星の動きや位置変化に対する興味・関心が高まる,UNIT_L4_月と星,effect_unit,37
E000602,ICT_L2_タブレット端末,ICT_L3_Chromebook,hierarchy,
E000603,FUNCTION_L2_資料・スライド作成,FUNCTION_L3_テキスト・図表・写真をスライド上で自由に編集することが可能,hierarchy,
E000604,ICT_L3_Google_スライド,FUNCTION_L3_テキスト・図表・写真をスライド上で自由に編集することが可能,ict_function,41
E000605,FUNCTION_L2_学習ログ・記録の整理,FUNCTION_L3_クラウド上で学習記録を自動保存・共有することが可能,hierarchy,
E000606,ICT_L3_Google_スライド,FUNCTION_L3_クラウド上で学習記録を自動保存・共有することが可能,ict_function,41
E000607,FUNCTION_L2_資料・スライド作成,FUNCTION_L3_端末カメラを用いて実験結果を撮影・挿入することが可能,hierarchy,
E000608,ICT_L3_Google_スライド,FUNCTION_L3_端末カメラを用いて実験結果を撮影・挿入することが可能,ict_function,41
E000609,ICT_L3_カメラアプリ,FUNCTION_L3_端末カメラを用いて実験結果を撮影・挿入することが可能,ict_function,41
E000610,OPPORTUNITY_L2_観察や実験結果・考察などを共有し他者と比較・確認する活動,OPPORTUNITY_L3_考察内容をデジタルノートに整理しその内容を共有する活動,hierarchy,
E000611,FUNCTION_L3_テキスト・図表・写真をスライド上で自由に編集することが可能,OPPORTUNITY_L3_考察内容をデジタルノートに整理しその内容を共有する活動,function_opportunity,41
E000612,OPPORTUNITY_L2_学びを振り返り理解を再構築する探究,OPPORTUNITY_L3_クラウド上に保存された学習履歴を時系列で振り返る活動,hierarchy,
E000613,FUNCTION_L3_クラウド上で学習記録を自動保存・共有することが可能,OPPORTUNITY_L3_クラウド上に保存された学習履歴を時系列で振り返る活動,function_opportunity,41
E000614,OPPORTUNITY_L2_実験結果の記録,OPPORTUNITY_L3_実験の過程・結果を写真で記録し整理する活動,hierarchy,
E000615,EFFECT_L2_科学的概念・法則の理解,EFFECT_L3_消化の仕組みの理解が深まる,hierarchy,
E000616,OPPORTUNITY_L3_考察内容をデジタルノートに整理しその内容を共有する活動,EFFECT_L3_消化の仕組みの理解が深まる,opportunity_effect,41
E000617,EFFECT_L2_科学的に表現し説明する力,EFFECT_L3_自分の考えを整理する力が高まる,hierarchy,
E000618,OPPORTUNITY_L3_クラウド上に保存された学習履歴を時系列で振り返る活動,EFFECT_L3_自分の考えを整理する力が高まる,opportunity_effect,41
E000619,EFFECT_L2_理科への興味・関心・意欲,EFFECT_L3_消化・吸収の学習に取り組もうとする意欲が高まる,hierarchy,
E000620,OPPORTUNITY_L3_実験の過程・結果を写真で記録し整理する活動,EFFECT_L3_消化・吸収の学習に取り組もうとする意欲が高まる,opportunity_effect,41
E000621,UNIT_L2_中学校2年,UNIT_L3_生物,hierarchy,
E000622,UNIT_L3_生物,UNIT_L4_動物の体のつくりと働き,hierarchy,
E000623,EFFECT_L3_消化の仕組みの理解が深まる,UNIT_L4_動物の体のつくりと働き,effect_unit,41
E000624,EFFECT_L3_自分の考えを整理する力が高まる,UNIT_L4_動物の体のつくりと働き,effect_unit,41
E000625,EFFECT_L3_消化・吸収の学習に取り組もうとする意欲が高まる,UNIT_L4_動物の体のつくりと働き,effect_unit,41
E000626,ICT_L3_Google_スライド,FUNCTION_L3_複数人による協働編集が可能,ict_function,42
E000627,ICT_L3_Google_スライド,FUNCTION_L3_生徒間でのデータ・資料の共有・比較が可能,ict_function,42
E000628,FUNCTION_L2_比較・探索機能,FUNCTION_L3_他班のスライド閲覧による比較が可能,hierarchy,
E000629,ICT_L3_Google_スライド,FUNCTION_L3_他班のスライド閲覧による比較が可能,ict_function,42
E000630,FUNCTION_L2_学習ログ・記録の整理,FUNCTION_L3_過去の作業履歴や成果を保存・参照が可能,hierarchy,
E000631,FUNCTION_L3_複数人による協働編集が可能,OPPORTUNITY_L3_実験で得られたデータをデジタルで共有する活動,function_opportunity,42
E000632,FUNCTION_L3_生徒間でのデータ・資料の共有・比較が可能,OPPORTUNITY_L3_実験で得られたデータをデジタルで共有する活動,function_opportunity,42
E000633,FUNCTION_L3_他班のスライド閲覧による比較が可能,OPPORTUNITY_L3_実験で得られたデータをデジタルで共有する活動,function_opportunity,42
E000634,OPPORTUNITY_L2_他者の成果を参照し自らの考えを再構成する活動,OPPORTUNITY_L3_他班のスライドを参照し内容や表現の特徴を比較する活動,hierarchy,
E000635,FUNCTION_L3_他班のスライド閲覧による比較が可能,OPPORTUNITY_L3_他班のスライドを参照し内容や表現の特徴を比較する活動,function_opportunity,42
E000636,OPPORTUNITY_L2_意見や考察を交換し多様な視点を取りいれる討議活動,OPPORTUNITY_L3_班内で共有したスライドを基に意見を出し合い意見交換する活動,hierarchy,
E000637,FUNCTION_L3_複数人による協働編集が可能,OPPORTUNITY_L3_班内で共有したスライドを基に意見を出し合い意見交換する活動,function_opportunity,42
E000638,FUNCTION_L3_他班のスライド閲覧による比較が可能,OPPORTUNITY_L3_班内で共有したスライドを基に意見を出し合い意見交換する活動,function_opportunity,42
E000639,FUNCTION_L3_過去の作業履歴や成果を保存・参照が可能,OPPORTUNITY_L3_過去のデータを振り返りその内容をもとに考察する活動,function_opportunity,42
E000640,EFFECT_L2_科学的概念・法則の理解,EFFECT_L3_電気エネルギーの変換や保存に関する理解が深まる,hierarchy,
E000641,OPPORTUNITY_L3_実験で得られたデータをデジタルで共有する活動,EFFECT_L3_電気エネルギーの変換や保存に関する理解が深まる,opportunity_effect,42
E000642,EFFECT_L2_協同的に学ぶ力・社会とのつながり,EFFECT_L3_他者の考えや意見を取り入れながら自分の制作や表現を改善・発展させる力が高まる,hierarchy,
E000643,OPPORTUNITY_L3_他班のスライドを参照し内容や表現の特徴を比較する活動,EFFECT_L3_他者の考えや意見を取り入れながら自分の制作や表現を改善・発展させる力が高まる,opportunity_effect,42
E000644,EFFECT_L2_科学的に表現し説明する力,EFFECT_L3_発表や説明に対する自信が育まれる,hierarchy,
E000645,OPPORTUNITY_L3_班内で共有したスライドを基に意見を出し合い意見交換する活動,EFFECT_L3_発表や説明に対する自信が育まれる,opportunity_effect,42
E000646,OPPORTUNITY_L3_過去のデータを振り返りその内容をもとに考察する活動,EFFECT_L3_発表や説明に対する自信が育まれる,opportunity_effect,42
E000647,UNIT_L3_物理,UNIT_L4_電流（電気とそのエネルギー）,hierarchy,
E000648,EFFECT_L3_電気エネルギーの変換や保存に関する理解が深まる,UNIT_L4_電流（電気とそのエネルギー）,effect_unit,42
E000649,EFFECT_L3_他者の考えや意見を取り入れながら自分の制作や表現を改善・発展させる力が高まる,UNIT_L4_電流（電気とそのエネルギー）,effect_unit,42
E000650,EFFECT_L3_発表や説明に対する自信が育まれる,UNIT_L4_電流（電気とそのエネルギー）,effect_unit,42
E000651,ICT_L2_観測・記録アプリ,ICT_L3_生物マップ作成アプリ（BESマップ）,hierarchy,
E000652,FUNCTION_L2_空間・地形情報の可視化,FUNCTION_L3_生物写真の地図上配置が可能,hierarchy,
E000653,ICT_L3_生物マップ作成アプリ（BESマップ）,FUNCTION_L3_生物写真の地図上配置が可能,ict_function,45
E000654,FUNCTION_L2_データ・資料の共有,FUNCTION_L3_観察結果の共有が可能,hierarchy,
E000655,ICT_L3_生物マップ作成アプリ（BESマップ）,FUNCTION_L3_観察結果の共有が可能,ict_function,45
E000656,FUNCTION_L2_空間・地形情報の可視化,FUNCTION_L3_オフラインで地図利用が可能,hierarchy,
E000657,ICT_L3_生物マップ作成アプリ（BESマップ）,FUNCTION_L3_オフラインで地図利用が可能,ict_function,45
E000658,FUNCTION_L2_空間・地形情報の可視化,FUNCTION_L3_季節別マップ比較が可能,hierarchy,
E000659,OPPORTUNITY_L2_観察結果の記録,OPPORTUNITY_L3_校内の植物を観察しその様子を撮影して記録する活動,hierarchy,
E000660,FUNCTION_L3_生物写真の地図上配置が可能,OPPORTUNITY_L3_校内の植物を観察しその様子を撮影して記録する活動,function_opportunity,45
E000661,FUNCTION_L3_オフラインで地図利用が可能,OPPORTUNITY_L3_校内の植物を観察しその様子を撮影して記録する活動,function_opportunity,45
E000662,FUNCTION_L3_季節別マップ比較が可能,OPPORTUNITY_L3_校内の植物を観察しその様子を撮影して記録する活動,function_opportunity,45
E000663,OPPORTUNITY_L2_観察や実験結果・考察などを共有し他者と比較・確認する活動,OPPORTUNITY_L3_観察結果を全員で共有し互いの結果を比較・確認する活動,hierarchy,
E000664,FUNCTION_L3_観察結果の共有が可能,OPPORTUNITY_L3_観察結果を全員で共有し互いの結果を比較・確認する活動,function_opportunity,45
E000665,FUNCTION_L3_季節別マップ比較が可能,OPPORTUNITY_L3_観察結果を全員で共有し互いの結果を比較・確認する活動,function_opportunity,45
E000666,EFFECT_L2_観察・実験の技能の習得,EFFECT_L3_観察結果の相互確認が促される,hierarchy,
E000667,OPPORTUNITY_L3_観察結果を全員で共有し互いの結果を比較・確認する活動,EFFECT_L3_観察結果の相互確認が促される,opportunity_effect,45
E000668,EFFECT_L2_自然現象等の理解,EFFECT_L3_植物の季節による変化や生長のしくみに関する理解が深まる,hierarchy,
E000669,OPPORTUNITY_L3_校内の植物を観察しその様子を撮影して記録する活動,EFFECT_L3_植物の季節による変化や生長のしくみに関する理解が深まる,opportunity_effect,45
E000670,OPPORTUNITY_L3_観察結果を全員で共有し互いの結果を比較・確認する活動,EFFECT_L3_植物の季節による変化や生長のしくみに関する理解が深まる,opportunity_effect,45
E000671,UNIT_L2_小学校4年,UNIT_L3_生物,hierarchy,
E000672,UNIT_L3_生物,UNIT_L4_季節と生物（植物の成長と季節）,hierarchy,
E000673,EFFECT_L3_観察結果の相互確認が促される,UNIT_L4_季節と生物（植物の成長と季節）,effect_unit,45
E000674,EFFECT_L3_植物の季節による変化や生長のしくみに関する理解が深まる,UNIT_L4_季節と生物（植物の成長と季節）,effect_unit,45
E000675,ICT_L2_撮影機器,ICT_L3_モバイル顕微鏡（Tissue180倍）,hierarchy,
E000676,FUNCTION_L2_映像・画像の表示・拡大,FUNCTION_L3_ピント合わせをほとんど行わずに観察対象の捉えが可能,hierarchy,
E000677,ICT_L3_モバイル顕微鏡（Tissue180倍）,FUNCTION_L3_ピント合わせをほとんど行わずに観察対象の捉えが可能,ict_function,46
E000678,FUNCTION_L2_学習支援・管理,FUNCTION_L3_上下左右の逆転なく観察場所の操作が可能,hierarchy,
E000679,ICT_L3_モバイル顕微鏡（Tissue180倍）,FUNCTION_L3_上下左右の逆転なく観察場所の操作が可能,ict_function,46
E000680,ICT_L3_モバイル顕微鏡（Tissue180倍）,FUNCTION_L3_同じ画面を児童同士で共有が可能,ict_function,46
E000681,FUNCTION_L3_ピント合わせをほとんど行わずに観察対象の捉えが可能,OPPORTUNITY_L3_短時間で対象を観察し結果を確認する活動,function_opportunity,46
E000682,FUNCTION_L3_上下左右の逆転なく観察場所の操作が可能,OPPORTUNITY_L3_短時間で対象を観察し結果を確認する活動,function_opportunity,46
E000683,OPPORTUNITY_L2_意見や考察を交換し多様な視点を取りいれる討議活動,OPPORTUNITY_L3_画面を共有しながら協働的に対象を観察し意見を交わす活動,hierarchy,
E000684,FUNCTION_L3_同じ画面を児童同士で共有が可能,OPPORTUNITY_L3_画面を共有しながら協働的に対象を観察し意見を交わす活動,function_opportunity,46
E000685,EFFECT_L2_科学的に表現し説明する力,EFFECT_L3_発話の質の向上が促される,hierarchy,
E000686,OPPORTUNITY_L3_短時間で対象を観察し結果を確認する活動,EFFECT_L3_発話の質の向上が促される,opportunity_effect,46
E000687,OPPORTUNITY_L3_画面を共有しながら協働的に対象を観察し意見を交わす活動,EFFECT_L3_発話の質の向上が促される,opportunity_effect,46
E000688,EFFECT_L2_観察・実験の技能の習得,EFFECT_L3_観察した内容の特徴や変化に気づきやすくなり現象を捉える視点が深まる,hierarchy,
E000689,OPPORTUNITY_L3_短時間で対象を観察し結果を確認する活動,EFFECT_L3_観察した内容の特徴や変化に気づきやすくなり現象を捉える視点が深まる,opportunity_effect,46
E000690,OPPORTUNITY_L3_画面を共有しながら協働的に対象を観察し意見を交わす活動,EFFECT_L3_観察した内容の特徴や変化に気づきやすくなり現象を捉える視点が深まる,opportunity_effect,46
E000691,OPPORTUNITY_L3_画面を共有しながら協働的に対象を観察し意見を交わす活動,EFFECT_L3_観察に対する意欲が高まる,opportunity_effect,46
E000692,UNIT_L3_生物,UNIT_L4_人の体のつくりと働き,hierarchy,
E000693,EFFECT_L3_発話の質の向上が促される,UNIT_L4_人の体のつくりと働き,effect_unit,46
E000694,EFFECT_L3_観察した内容の特徴や変化に気づきやすくなり現象を捉える視点が深まる,UNIT_L4_人の体のつくりと働き,effect_unit,46
E000695,EFFECT_L3_観察に対する意欲が高まる,UNIT_L4_人の体のつくりと働き,effect_unit,46
E000696,ICT_L1_ソフトウェア,ICT_L2_その他ソフトウェア,hierarchy,
E000697,ICT_L2_その他ソフトウェア,ICT_L3_ホワイトボードアプリ,hierarchy,
E000698,ICT_L2_メディア・映像・画像,ICT_L3_はたらく細胞素材画像,hierarchy,
E000699,FUNCTION_L2_画像・データ加工,FUNCTION_L3_イラスト教材の位置やサイズを自由に調整する操作が可能,hierarchy,
E000700,ICT_L3_タブレット端末,FUNCTION_L3_イラスト教材の位置やサイズを自由に調整する操作が可能,ict_function,47
E000701,ICT_L3_ホワイトボードアプリ,FUNCTION_L3_イラスト教材の位置やサイズを自由に調整する操作が可能,ict_function,47
E000702,FUNCTION_L2_共同編集・共同作業,FUNCTION_L3_オンライン上で複数の生徒が共同作業を行うことが可能,hierarchy,
E000703,ICT_L3_ホワイトボードアプリ,FUNCTION_L3_オンライン上で複数の生徒が共同作業を行うことが可能,ict_function,47
E000704,OPPORTUNITY_L2_その他の探究,OPPORTUNITY_L3_アニメキャラクターを用いたイラスト教材の並べ替える活動,hierarchy,
E000705,FUNCTION_L3_イラスト教材の位置やサイズを自由に調整する操作が可能,OPPORTUNITY_L3_アニメキャラクターを用いたイラスト教材の並べ替える活動,function_opportunity,47
E000706,FUNCTION_L3_オンライン上で複数の生徒が共同作業を行うことが可能,OPPORTUNITY_L3_アニメキャラクターを用いたイラスト教材の並べ替える活動,function_opportunity,47
E000707,OPPORTUNITY_L2_学びの成果を発表・伝達する活動,OPPORTUNITY_L3_ペアで協働しながら免疫のしくみを説明しその内容を発表して共有する活動,hierarchy,
E000708,FUNCTION_L3_イラスト教材の位置やサイズを自由に調整する操作が可能,OPPORTUNITY_L3_ペアで協働しながら免疫のしくみを説明しその内容を発表して共有する活動,function_opportunity,47
E000709,FUNCTION_L3_オンライン上で複数の生徒が共同作業を行うことが可能,OPPORTUNITY_L3_ペアで協働しながら免疫のしくみを説明しその内容を発表して共有する活動,function_opportunity,47
E000710,EFFECT_L2_科学的概念・法則の理解,EFFECT_L3_免疫のしくみや働きに関する理解が深まる,hierarchy,
E000711,OPPORTUNITY_L3_アニメキャラクターを用いたイラスト教材の並べ替える活動,EFFECT_L3_免疫のしくみや働きに関する理解が深まる,opportunity_effect,47
E000712,OPPORTUNITY_L3_ペアで協働しながら免疫のしくみを説明しその内容を発表して共有する活動,EFFECT_L3_免疫のしくみや働きに関する理解が深まる,opportunity_effect,47
E000713,EFFECT_L2_理科への興味・関心・意欲,EFFECT_L3_免疫のしくみに対する興味・関心が高まる,hierarchy,
E000714,OPPORTUNITY_L3_アニメキャラクターを用いたイラスト教材の並べ替える活動,EFFECT_L3_免疫のしくみに対する興味・関心が高まる,opportunity_effect,47
E000715,OPPORTUNITY_L3_ペアで協働しながら免疫のしくみを説明しその内容を発表して共有する活動,EFFECT_L3_免疫のしくみに対する興味・関心が高まる,opportunity_effect,47
E000716,EFFECT_L2_主体的に学習に取り組む力,EFFECT_L3_積極的・主体的に学習へ取り組もうとする態度が育まれる,hierarchy,
E000717,OPPORTUNITY_L3_ペアで協働しながら免疫のしくみを説明しその内容を発表して共有する活動,EFFECT_L3_積極的・主体的に学習へ取り組もうとする態度が育まれる,opportunity_effect,47
E000718,EFFECT_L2_基礎知識の定着と活用,EFFECT_L3_免疫に関する知識の定着,hierarchy,
E000719,OPPORTUNITY_L3_アニメキャラクターを用いたイラスト教材の並べ替える活動,EFFECT_L3_免疫に関する知識の定着,opportunity_effect,47
E000720,OPPORTUNITY_L3_ペアで協働しながら免疫のしくみを説明しその内容を発表して共有する活動,EFFECT_L3_免疫に関する知識の定着,opportunity_effect,47
E000721,UNIT_L2_高等学校1年,UNIT_L3_生物,hierarchy,
E000722,UNIT_L3_生物,UNIT_L4_免疫（免疫の働き）,hierarchy,
E000723,EFFECT_L3_免疫のしくみや働きに関する理解が深まる,UNIT_L4_免疫（免疫の働き）,effect_unit,47
E000724,EFFECT_L3_免疫のしくみに対する興味・関心が高まる,UNIT_L4_免疫（免疫の働き）,effect_unit,47
E000725,EFFECT_L3_積極的・主体的に学習へ取り組もうとする態度が育まれる,UNIT_L4_免疫（免疫の働き）,effect_unit,47
E000726,EFFECT_L3_免疫に関する知識の定着,UNIT_L4_免疫（免疫の働き）,effect_unit,47
E000727,ICT_L2_コミュニケーション・共有ツール,ICT_L3_ビデオ会議システム,hierarchy,
E000728,ICT_L2_メディア・映像・画像,ICT_L3_ビデオメッセージ,hierarchy,
E000729,FUNCTION_L2_リアルタイム通信・対話,FUNCTION_L3_遠隔地との専門家対話が可能,hierarchy,
E000730,ICT_L3_ビデオ会議システム,FUNCTION_L3_遠隔地との専門家対話が可能,ict_function,48
E000731,FUNCTION_L2_リアルタイム通信・対話,FUNCTION_L3_他校種児童との質疑応答が可能,hierarchy,
E000732,ICT_L3_ビデオメッセージ,FUNCTION_L3_他校種児童との質疑応答が可能,ict_function,48
E000733,OPPORTUNITY_L2_遠隔交流や専門家との対話を通して学びを広げる活動,OPPORTUNITY_L3_異なる校種の児童・生徒とオンラインでの交流,hierarchy,
E000734,FUNCTION_L3_他校種児童との質疑応答が可能,OPPORTUNITY_L3_異なる校種の児童・生徒とオンラインでの交流,function_opportunity,48
E000735,OPPORTUNITY_L2_遠隔交流や専門家との対話を通して学びを広げる活動,OPPORTUNITY_L3_専門家とオンラインで対話する活動,hierarchy,
E000736,FUNCTION_L3_遠隔地との専門家対話が可能,OPPORTUNITY_L3_専門家とオンラインで対話する活動,function_opportunity,48
E000737,OPPORTUNITY_L2_学びの成果を発表・伝達する活動,OPPORTUNITY_L3_小学生など他者への説明を想定して科学的内容をわかりやすく表現する活動,hierarchy,
E000738,FUNCTION_L3_他校種児童との質疑応答が可能,OPPORTUNITY_L3_小学生など他者への説明を想定して科学的内容をわかりやすく表現する活動,function_opportunity,48
E000739,EFFECT_L2_科学的概念・法則の理解,EFFECT_L3_生物の成長と生殖に関する理解が深まる,hierarchy,
E000740,OPPORTUNITY_L3_専門家とオンラインで対話する活動,EFFECT_L3_生物の成長と生殖に関する理解が深まる,opportunity_effect,48
E000741,EFFECT_L2_科学的態度・人間性の涵養,EFFECT_L3_生命を尊ぶ態度が育まれる,hierarchy,
E000742,OPPORTUNITY_L3_異なる校種の児童・生徒とオンラインでの交流,EFFECT_L3_生命を尊ぶ態度が育まれる,opportunity_effect,48
E000743,OPPORTUNITY_L3_小学生など他者への説明を想定して科学的内容をわかりやすく表現する活動,EFFECT_L3_生命を尊ぶ態度が育まれる,opportunity_effect,48
E000744,UNIT_L2_中学校3年,UNIT_L3_生物,hierarchy,
E000745,UNIT_L3_生物,UNIT_L4_生物の成長と殖え方,hierarchy,
E000746,EFFECT_L3_生物の成長と生殖に関する理解が深まる,UNIT_L4_生物の成長と殖え方,effect_unit,48
E000747,EFFECT_L3_生命を尊ぶ態度が育まれる,UNIT_L4_生物の成長と殖え方,effect_unit,48
E000748,ICT_L2_センサー・計測機器,ICT_L3_力センサー（Vernier社_DFSBTA）,hierarchy,
E000749,ICT_L2_観測・記録アプリ,ICT_L3_Logger_Pro_3,hierarchy,
E000750,FUNCTION_L2_データ・現象の可視化,FUNCTION_L3_力の大きさと向きのリアルタイム可視化が可能,hierarchy,
E000751,ICT_L3_Logger_Pro_3,FUNCTION_L3_力の大きさと向きのリアルタイム可視化が可能,ict_function,50
E000752,OPPORTUNITY_L2_物理量やエネルギーの変化を捉える観察,OPPORTUNITY_L3_力の変化をリアルタイムに観察する活動,hierarchy,
E000753,FUNCTION_L3_力の大きさと向きのリアルタイム可視化が可能,OPPORTUNITY_L3_力の変化をリアルタイムに観察する活動,function_opportunity,50
E000754,OPPORTUNITY_L2_観察や実験の結果をもとに科学的に考察を深める探究,OPPORTUNITY_L3_理論値と実測値を比較しその違いや関係を考察する活動,hierarchy,
E000755,FUNCTION_L3_力の大きさと向きのリアルタイム可視化が可能,OPPORTUNITY_L3_理論値と実測値を比較しその違いや関係を考察する活動,function_opportunity,50
E000756,EFFECT_L2_科学的概念・法則の理解,EFFECT_L3_力の作用と反作用の関係に関する理解が深まる,hierarchy,
E000757,OPPORTUNITY_L3_力の変化をリアルタイムに観察する活動,EFFECT_L3_力の作用と反作用の関係に関する理解が深まる,opportunity_effect,50
E000758,EFFECT_L2_理科への興味・関心・意欲,EFFECT_L3_作用・反作用への興味・関心が高まる,hierarchy,
E000759,OPPORTUNITY_L3_力の変化をリアルタイムに観察する活動,EFFECT_L3_作用・反作用への興味・関心が高まる,opportunity_effect,50
E000760,EFFECT_L2_観察・実験の技能の習得,EFFECT_L3_測定値と理論値の関係に対する理解が深まり実験結果の妥当性を判断する力が高まる,hierarchy,
E000761,OPPORTUNITY_L3_理論値と実測値を比較しその違いや関係を考察する活動,EFFECT_L3_測定値と理論値の関係に対する理解が深まり実験結果の妥当性を判断する力が高まる,opportunity_effect,50
E000762,UNIT_L1_高等学校,UNIT_L2_高等学校2年,hierarchy,
E000763,UNIT_L2_高等学校2年,UNIT_L3_物理,hierarchy,
E000764,UNIT_L3_物理,UNIT_L4_様々な力とその働き,hierarchy,
E000765,EFFECT_L3_力の作用と反作用の関係に関する理解が深まる,UNIT_L4_様々な力とその働き,effect_unit,50
E000766,EFFECT_L3_作用・反作用への興味・関心が高まる,UNIT_L4_様々な力とその働き,effect_unit,50
E000767,EFFECT_L3_測定値と理論値の関係に対する理解が深まり実験結果の妥当性を判断する力が高まる,UNIT_L4_様々な力とその働き,effect_unit,50
E000768,EFFECT_L2_理科への興味・関心・意欲,EFFECT_L3_張力に対する興味や関心が高まりが促される,hierarchy,
E000769,OPPORTUNITY_L3_力の変化をリアルタイムに観察する活動,EFFECT_L3_張力に対する興味や関心が高まりが促される,opportunity_effect,50
E000770,EFFECT_L2_基礎知識の定着と活用,EFFECT_L3_理論と実験の関係に関する理解が深まる,hierarchy,
E000771,OPPORTUNITY_L3_理論値と実測値を比較しその違いや関係を考察する活動,EFFECT_L3_理論と実験の関係に関する理解が深まる,opportunity_effect,50
E000772,UNIT_L2_高等学校3年,UNIT_L3_物理,hierarchy,
E000773,EFFECT_L3_張力に対する興味や関心が高まりが促される,UNIT_L4_様々な力とその働き,effect_unit,50
E000774,EFFECT_L3_理論と実験の関係に関する理解が深まる,UNIT_L4_様々な力とその働き,effect_unit,50
E000775,ICT_L2_観測・記録アプリ,ICT_L3_高校生が簡単に測定解析できる実験用アプリ,hierarchy,
E000776,ICT_L2_センサー・計測機器,ICT_L3_Analog_Discovery_2（AD変換器）,hierarchy,
E000777,FUNCTION_L2_データ・現象の可視化,FUNCTION_L3_力の時間変化を自動でグラフ化が可能,hierarchy,
E000778,ICT_L3_高校生が簡単に測定解析できる実験用アプリ,FUNCTION_L3_力の時間変化を自動でグラフ化が可能,ict_function,52
E000779,ICT_L3_Analog_Discovery_2（AD変換器）,FUNCTION_L3_力の時間変化を自動でグラフ化が可能,ict_function,52
E000780,OPPORTUNITY_L2_その他の実験,OPPORTUNITY_L3_班で衝突実験を行い力積を測定する活動,hierarchy,
E000781,EFFECT_L2_科学的概念・法則の理解,EFFECT_L3_力積と運動量変化の関係に関する理解が深まる,hierarchy,
E000782,OPPORTUNITY_L3_班で衝突実験を行い力積を測定する活動,EFFECT_L3_力積と運動量変化の関係に関する理解が深まる,opportunity_effect,52
E000783,EFFECT_L2_科学的概念・法則の理解,EFFECT_L3_力積に関する理解が深まる,hierarchy,
E000784,OPPORTUNITY_L3_班で衝突実験を行い力積を測定する活動,EFFECT_L3_力積に関する理解が深まる,opportunity_effect,52
E000785,UNIT_L3_物理,UNIT_L4_様々な力とその働き（運動の法則）,hierarchy,
E000786,EFFECT_L3_力積と運動量変化の関係に関する理解が深まる,UNIT_L4_様々な力とその働き（運動の法則）,effect_unit,52
E000787,EFFECT_L3_力積に関する理解が深まる,UNIT_L4_様々な力とその働き（運動の法則）,effect_unit,52
E000788,FUNCTION_L2_データ・現象の可視化,FUNCTION_L3_電流の時間変化の自動測定が可能,hierarchy,
E000789,ICT_L3_高校生が簡単に測定解析できる実験用アプリ,FUNCTION_L3_電流の時間変化の自動測定が可能,ict_function,52
E000790,ICT_L3_Analog_Discovery_2（AD変換器）,FUNCTION_L3_電流の時間変化の自動測定が可能,ict_function,52
E000791,OPPORTUNITY_L2_物理量やエネルギーの変化を捉える観察,OPPORTUNITY_L3_電流の時間変化を測定する活動,hierarchy,
E000792,FUNCTION_L3_電流の時間変化の自動測定が可能,OPPORTUNITY_L3_電流の時間変化を測定する活動,function_opportunity,52
E000793,FUNCTION_L3_電流の時間変化の自動測定が可能,OPPORTUNITY_L3_理論値と実測値を比較しその違いや関係を考察する活動,function_opportunity,52
E000794,OPPORTUNITY_L3_電流の時間変化を測定する活動,EFFECT_L3_測定値と理論値の関係に対する理解が深まり実験結果の妥当性を判断する力が高まる,opportunity_effect,52
E000795,OPPORTUNITY_L3_理論値と実測値を比較しその違いや関係を考察する活動,EFFECT_L3_測定値と理論値の関係に対する理解が深まり実験結果の妥当性を判断する力が高まる,opportunity_effect,52
E000796,EFFECT_L2_科学的概念・法則の理解,EFFECT_L3_電流と電気量の関係に関する理解が深まる,hierarchy,
E000797,OPPORTUNITY_L3_電流の時間変化を測定する活動,EFFECT_L3_電流と電気量の関係に関する理解が深まる,opportunity_effect,52
E000798,UNIT_L3_物理,UNIT_L4_電気（電気の利用）,hierarchy,
E000799,EFFECT_L3_測定値と理論値の関係に対する理解が深まり実験結果の妥当性を判断する力が高まる,UNIT_L4_電気（電気の利用）,effect_unit,52
E000800,EFFECT_L3_電流と電気量の関係に関する理解が深まる,UNIT_L4_電気（電気の利用）,effect_unit,52
E000801,ICT_L2_表計算ソフト,ICT_L3_Excel,hierarchy,
E000802,ICT_L2_コミュニケーション・共有ツール,ICT_L3_Microsoft_Stream,hierarchy,
E000803,ICT_L2_メディア・映像・画像,ICT_L3_(実験)動画配信,hierarchy,
E000804,ICT_L3_カメラアプリ,ICT_L3_(実験)動画配信,ict_combination,53
E000805,ICT_L3_Microsoft_Stream,ICT_L3_(実験)動画配信,ict_combination,53
E000806,FUNCTION_L2_学習支援・管理,FUNCTION_L3_実験手順の動画による繰り返し確認が可能,hierarchy,
E000807,ICT_L3_(実験)動画配信,FUNCTION_L3_実験手順の動画による繰り返し確認が可能,ict_function,53
E000808,FUNCTION_L2_学習支援・管理,FUNCTION_L3_実験手順の統一的提示が可能,hierarchy,
E000809,ICT_L3_(実験)動画配信,FUNCTION_L3_実験手順の統一的提示が可能,ict_function,53
E000810,ICT_L3_Excel,FUNCTION_L3_データの自動グラフ化が可能,ict_function,53
E000811,OPPORTUNITY_L2_その他の実験,OPPORTUNITY_L3_動画教材を参考にしながら個々のペースで実験を進める活動,hierarchy,
E000812,FUNCTION_L3_実験手順の動画による繰り返し確認が可能,OPPORTUNITY_L3_動画教材を参考にしながら個々のペースで実験を進める活動,function_opportunity,53
E000813,FUNCTION_L3_実験手順の統一的提示が可能,OPPORTUNITY_L3_動画教材を参考にしながら個々のペースで実験を進める活動,function_opportunity,53
E000814,FUNCTION_L3_データの自動グラフ化が可能,OPPORTUNITY_L3_実験データを自動でグラフ化し結果を整理する活動,function_opportunity,53
E000815,EFFECT_L2_観察・実験の技能の習得,EFFECT_L3_実験の成功率が向上する,hierarchy,
E000816,OPPORTUNITY_L3_動画教材を参考にしながら個々のペースで実験を進める活動,EFFECT_L3_実験の成功率が向上する,opportunity_effect,53
E000817,EFFECT_L2_科学的概念・法則の理解,EFFECT_L3_電圧と電流の関係（オームの法則）の理解が深まる,hierarchy,
E000818,OPPORTUNITY_L3_実験データを自動でグラフ化し結果を整理する活動,EFFECT_L3_電圧と電流の関係（オームの法則）の理解が深まる,opportunity_effect,53
E000819,OPPORTUNITY_L3_動画教材を参考にしながら個々のペースで実験を進める活動,EFFECT_L3_積極的・主体的に学習へ取り組もうとする態度が育まれる,opportunity_effect,53
E000820,EFFECT_L2_授業の効率化,EFFECT_L3_実験手順を説明する時間が短縮される,hierarchy,
E000821,OPPORTUNITY_L3_動画教材を参考にしながら個々のペースで実験を進める活動,EFFECT_L3_実験手順を説明する時間が短縮される,opportunity_effect,53
E000822,UNIT_L3_物理,UNIT_L4_電流（電流・電圧と抵抗）,hierarchy,
E000823,EFFECT_L3_実験の成功率が向上する,UNIT_L4_電流（電流・電圧と抵抗）,effect_unit,53
E000824,EFFECT_L3_電圧と電流の関係（オームの法則）の理解が深まる,UNIT_L4_電流（電流・電圧と抵抗）,effect_unit,53
E000825,EFFECT_L3_積極的・主体的に学習へ取り組もうとする態度が育まれる,UNIT_L4_電流（電流・電圧と抵抗）,effect_unit,53
E000826,EFFECT_L3_実験手順を説明する時間が短縮される,UNIT_L4_電流（電流・電圧と抵抗）,effect_unit,53
E000827,ICT_L2_シミュレーションソフト,ICT_L3_inaNami_Simulator,hierarchy,
E000828,FUNCTION_L2_データ・現象の可視化,FUNCTION_L3_任意視点から水面（波形）を観察することが可能,hierarchy,
E000829,ICT_L3_inaNami_Simulator,FUNCTION_L3_任意視点から水面（波形）を観察することが可能,ict_function,55
E000830,FUNCTION_L2_データ・現象の可視化,FUNCTION_L3_波形の時間変化の制御が可能,hierarchy,
E000831,ICT_L3_inaNami_Simulator,FUNCTION_L3_波形の時間変化の制御が可能,ict_function,55
E000832,FUNCTION_L2_データ・現象の可視化,FUNCTION_L3_波源の位置・波長・周期・振幅の調整が可能,hierarchy,
E000833,ICT_L3_inaNami_Simulator,FUNCTION_L3_波源の位置・波長・周期・振幅の調整が可能,ict_function,55
E000834,OPPORTUNITY_L2_モデル化された現象の観察,OPPORTUNITY_L3_波の干渉縞を観察しその位置やパターンを探索する活動,hierarchy,
E000835,FUNCTION_L3_任意視点から水面（波形）を観察することが可能,OPPORTUNITY_L3_波の干渉縞を観察しその位置やパターンを探索する活動,function_opportunity,55
E000836,FUNCTION_L3_波形の時間変化の制御が可能,OPPORTUNITY_L3_波の干渉縞を観察しその位置やパターンを探索する活動,function_opportunity,55
E000837,OPPORTUNITY_L2_条件を操作して変化や法則を確かめる実験,OPPORTUNITY_L3_波のパラメータ（波長・振幅など）を変化させ干渉条件の違いを比較する活動,hierarchy,
E000838,FUNCTION_L3_波源の位置・波長・周期・振幅の調整が可能,OPPORTUNITY_L3_波のパラメータ（波長・振幅など）を変化させ干渉条件の違いを比較する活動,function_opportunity,55
E000839,EFFECT_L2_科学的概念・法則の理解,EFFECT_L3_波形の時間的変化に関する理解が深まる,hierarchy,
E000840,OPPORTUNITY_L3_波の干渉縞を観察しその位置やパターンを探索する活動,EFFECT_L3_波形の時間的変化に関する理解が深まる,opportunity_effect,55
E000841,EFFECT_L2_科学的概念・法則の理解,EFFECT_L3_波の式の構造に関する理解が深まる,hierarchy,
E000842,OPPORTUNITY_L3_波のパラメータ（波長・振幅など）を変化させ干渉条件の違いを比較する活動,EFFECT_L3_波の式の構造に関する理解が深まる,opportunity_effect,55
E000843,UNIT_L3_物理,UNIT_L4_波（波の性質）,hierarchy,
E000844,EFFECT_L3_波形の時間的変化に関する理解が深まる,UNIT_L4_波（波の性質）,effect_unit,55
E000845,EFFECT_L3_波の式の構造に関する理解が深まる,UNIT_L4_波（波の性質）,effect_unit,55
E000846,ICT_L2_撮影機器,ICT_L3_タブレット顕微鏡,hierarchy,
E000847,FUNCTION_L2_映像・画像の表示・拡大,FUNCTION_L3_拡大画像の表示が可能,hierarchy,
E000848,ICT_L3_タブレット顕微鏡,FUNCTION_L3_拡大画像の表示が可能,ict_function,57
E000849,ICT_L3_タブレット顕微鏡,FUNCTION_L3_観察結果の共有が可能,ict_function,57
E000850,OPPORTUNITY_L2_その他の観察,OPPORTUNITY_L3_自作した顕微鏡を用いた観察,hierarchy,
E000851,FUNCTION_L3_拡大画像の表示が可能,OPPORTUNITY_L3_自作した顕微鏡を用いた観察,function_opportunity,57
E000852,FUNCTION_L3_観察結果の共有が可能,OPPORTUNITY_L3_自作した顕微鏡を用いた観察,function_opportunity,57
E000853,FUNCTION_L3_拡大画像の表示が可能,OPPORTUNITY_L3_観察結果を他者と共有する活動,function_opportunity,57
E000854,FUNCTION_L3_観察結果の共有が可能,OPPORTUNITY_L3_観察結果を他者と共有する活動,function_opportunity,57
E000855,EFFECT_L2_理科への興味・関心・意欲,EFFECT_L3_生物観察（顕微鏡観察）に対する意欲が向上・持続する,hierarchy,
E000856,OPPORTUNITY_L3_自作した顕微鏡を用いた観察,EFFECT_L3_生物観察（顕微鏡観察）に対する意欲が向上・持続する,opportunity_effect,57
E000857,OPPORTUNITY_L3_観察結果を他者と共有する活動,EFFECT_L3_生物観察（顕微鏡観察）に対する意欲が向上・持続する,opportunity_effect,57
E000858,UNIT_L3_生物,UNIT_L4_生物の特徴,hierarchy,
E000859,EFFECT_L3_生物観察（顕微鏡観察）に対する意欲が向上・持続する,UNIT_L4_生物の特徴,effect_unit,57
E000860,ICT_L2_コミュニケーション・共有ツール,ICT_L3_Kahoot,hierarchy,
E000861,FUNCTION_L2_学習支援・管理,FUNCTION_L3_4択クイズの出題が可能,hierarchy,
E000862,ICT_L3_Kahoot,FUNCTION_L3_4択クイズの出題が可能,ict_function,58
E000863,FUNCTION_L2_意見・評価の共有,FUNCTION_L3_クイズ回答の即時集計結果の提示が可能,hierarchy,
E000864,ICT_L3_Kahoot,FUNCTION_L3_クイズ回答の即時集計結果の提示が可能,ict_function,58
E000865,FUNCTION_L2_学習支援・管理,FUNCTION_L3_複数端末による同時回答が可能,hierarchy,
E000866,ICT_L3_Kahoot,FUNCTION_L3_複数端末による同時回答が可能,ict_function,58
E000867,OPPORTUNITY_L2_学びを振り返り理解を再構築する探究,OPPORTUNITY_L3_生徒の回答に対する即時フィードバックを受ける活動,hierarchy,
E000868,FUNCTION_L3_4択クイズの出題が可能,OPPORTUNITY_L3_生徒の回答に対する即時フィードバックを受ける活動,function_opportunity,58
E000869,FUNCTION_L3_クイズ回答の即時集計結果の提示が可能,OPPORTUNITY_L3_生徒の回答に対する即時フィードバックを受ける活動,function_opportunity,58
E000870,FUNCTION_L3_複数端末による同時回答が可能,OPPORTUNITY_L3_生徒の回答に対する即時フィードバックを受ける活動,function_opportunity,58
E000871,OPPORTUNITY_L2_意見や考察を交換し多様な視点を取りいれる討議活動,OPPORTUNITY_L3_生徒同士のディスカッションを通して意見を共有し考えの違いを比較する活動,hierarchy,
E000872,FUNCTION_L3_4択クイズの出題が可能,OPPORTUNITY_L3_生徒同士のディスカッションを通して意見を共有し考えの違いを比較する活動,function_opportunity,58
E000873,FUNCTION_L3_クイズ回答の即時集計結果の提示が可能,OPPORTUNITY_L3_生徒同士のディスカッションを通して意見を共有し考えの違いを比較する活動,function_opportunity,58
E000874,FUNCTION_L3_複数端末による同時回答が可能,OPPORTUNITY_L3_生徒同士のディスカッションを通して意見を共有し考えの違いを比較する活動,function_opportunity,58
E000875,EFFECT_L2_科学的に考える力,EFFECT_L3_物理的な概念や法則に対する誤解の訂正が促される,hierarchy,
E000876,OPPORTUNITY_L3_生徒の回答に対する即時フィードバックを受ける活動,EFFECT_L3_物理的な概念や法則に対する誤解の訂正が促される,opportunity_effect,58
E000877,OPPORTUNITY_L3_生徒同士のディスカッションを通して意見を共有し考えの違いを比較する活動,EFFECT_L3_物理的な概念や法則に対する誤解の訂正が促される,opportunity_effect,58
E000878,EFFECT_L2_理科への興味・関心・意欲,EFFECT_L3_見かけの重力についての学習意欲が高まる,hierarchy,
E000879,UNIT_L3_物理,UNIT_L4_様々な力とその働き（力のつり合い）,hierarchy,
E000880,EFFECT_L3_物理的な概念や法則に対する誤解の訂正が促される,UNIT_L4_様々な力とその働き（力のつり合い）,effect_unit,58
E000881,EFFECT_L3_見かけの重力についての学習意欲が高まる,UNIT_L4_様々な力とその働き（力のつり合い）,effect_unit,58
E000882,ICT_L2_学習支援・学習管理システム,ICT_L3_Google_Classroom_Stream,hierarchy,
E000883,FUNCTION_L2_学習支援・管理,FUNCTION_L3_生徒の意見収集と可視化が可能,hierarchy,
E000884,ICT_L3_Google_Classroom_Stream,FUNCTION_L3_生徒の意見収集と可視化が可能,ict_function,59
E000885,FUNCTION_L2_データ・資料の共有,FUNCTION_L3_意見やノートのデジタル共有が可能,hierarchy,
E000886,ICT_L3_Google_Classroom_Stream,FUNCTION_L3_意見やノートのデジタル共有が可能,ict_function,59
E000887,ICT_L3_Googleスプレッドシート,FUNCTION_L3_データの自動グラフ化が可能,ict_function,59
E000888,OPPORTUNITY_L2_その他の活動,OPPORTUNITY_L3_生徒の全員参加型の意見投稿活動,hierarchy,
E000889,FUNCTION_L3_生徒の意見収集と可視化が可能,OPPORTUNITY_L3_生徒の全員参加型の意見投稿活動,function_opportunity,59
E000890,FUNCTION_L3_意見やノートのデジタル共有が可能,OPPORTUNITY_L3_生徒の全員参加型の意見投稿活動,function_opportunity,59
E000891,OPPORTUNITY_L2_データを収集し分析・整理する探究,OPPORTUNITY_L3_実験データを共有し得られた情報を分析する活動,hierarchy,
E000892,FUNCTION_L3_データの自動グラフ化が可能,OPPORTUNITY_L3_実験データを共有し得られた情報を分析する活動,function_opportunity,59
E000893,EFFECT_L2_協同的に学ぶ力・社会とのつながり,EFFECT_L3_生徒の発言や討論への参加が活発になり協働的な学びが促進される,hierarchy,
E000894,OPPORTUNITY_L3_生徒の全員参加型の意見投稿活動,EFFECT_L3_生徒の発言や討論への参加が活発になり協働的な学びが促進される,opportunity_effect,59
E000895,UNIT_L2_高等学校1年,UNIT_L3_物理,hierarchy,
E000896,UNIT_L3_物理,UNIT_L4_運動の表し方,hierarchy,
E000897,EFFECT_L3_生徒の発言や討論への参加が活発になり協働的な学びが促進される,UNIT_L4_運動の表し方,effect_unit,59
E000898,ICT_L2_シミュレーションソフト,ICT_L3_Desmos,hierarchy,
E000899,FUNCTION_L2_データ・現象の可視化,FUNCTION_L3_波の式とグラフの対応を即時に確認することが可能,hierarchy,
E000900,ICT_L3_Desmos,FUNCTION_L3_波の式とグラフの対応を即時に確認することが可能,ict_function,60
E000901,FUNCTION_L2_データ・現象の可視化,FUNCTION_L3_パラメータ操作による波形変化の比較が可能,hierarchy,
E000902,ICT_L3_Desmos,FUNCTION_L3_パラメータ操作による波形変化の比較が可能,ict_function,60
E000903,FUNCTION_L2_データ・現象の可視化,FUNCTION_L3_独自の式や設定を使ったシミュレーション作成が可能,hierarchy,
E000904,ICT_L3_Desmos,FUNCTION_L3_独自の式や設定を使ったシミュレーション作成が可能,ict_function,60
E000905,OPPORTUNITY_L2_条件を操作して変化や法則を確かめる実験,OPPORTUNITY_L3_波の式とグラフの関係を個別に探究する活動,hierarchy,
E000906,FUNCTION_L3_波の式とグラフの対応を即時に確認することが可能,OPPORTUNITY_L3_波の式とグラフの関係を個別に探究する活動,function_opportunity,60
E000907,FUNCTION_L3_パラメータ操作による波形変化の比較が可能,OPPORTUNITY_L3_波の式とグラフの関係を個別に探究する活動,function_opportunity,60
E000908,FUNCTION_L3_独自の式や設定を使ったシミュレーション作成が可能,OPPORTUNITY_L3_波の式とグラフの関係を個別に探究する活動,function_opportunity,60
E000909,OPPORTUNITY_L3_波の式とグラフの関係を個別に探究する活動,EFFECT_L3_波の式の構造に関する理解が深まる,opportunity_effect,60
E000910,EFFECT_L2_科学的に考える力,EFFECT_L3_仮説を立てて検証する思考力が育まれる,hierarchy,
E000911,OPPORTUNITY_L3_波の式とグラフの関係を個別に探究する活動,EFFECT_L3_仮説を立てて検証する思考力が育まれる,opportunity_effect,60
E000912,EFFECT_L2_科学的に考える力,EFFECT_L3_数理的に探究する力が育まれる,hierarchy,
E000913,OPPORTUNITY_L3_波の式とグラフの関係を個別に探究する活動,EFFECT_L3_数理的に探究する力が育まれる,opportunity_effect,60
E000914,EFFECT_L3_波の式の構造に関する理解が深まる,UNIT_L4_波（波の性質）,effect_unit,60
E000915,EFFECT_L3_仮説を立てて検証する思考力が育まれる,UNIT_L4_波（波の性質）,effect_unit,60
E000916,EFFECT_L3_数理的に探究する力が育まれる,UNIT_L4_波（波の性質）,effect_unit,60
E000917,FUNCTION_L2_空間・地形情報の可視化,FUNCTION_L3_タブレットの方向・傾きに応じた天体(月)表示が可能,hierarchy,
E000918,ICT_L3_スカイガイド,FUNCTION_L3_タブレットの方向・傾きに応じた天体(月)表示が可能,ict_function,62
E000919,FUNCTION_L2_空間・地形情報の可視化,FUNCTION_L3_異なる時間帯での天体位置の比較が可能,hierarchy,
E000920,ICT_L3_スカイガイド,FUNCTION_L3_異なる時間帯での天体位置の比較が可能,ict_function,62
E000921,OPPORTUNITY_L2_空間的配置や方位の変化を捉える観察,OPPORTUNITY_L3_タブレットをかざして月の位置を探索しその空間的な動きを観察する活動,hierarchy,
E000922,FUNCTION_L3_タブレットの方向・傾きに応じた天体(月)表示が可能,OPPORTUNITY_L3_タブレットをかざして月の位置を探索しその空間的な動きを観察する活動,function_opportunity,62
E000923,FUNCTION_L3_タブレットの方向・傾きに応じた天体(月)表示が可能,OPPORTUNITY_L3_方位や建物を目印に月の高さと方向を観察して空間的な位置を把握する活動,function_opportunity,62
E000924,FUNCTION_L3_異なる時間帯での天体位置の比較が可能,OPPORTUNITY_L3_月の位置や見え方の変化を複数の時刻で比較して観察する活動,function_opportunity,62
E000925,OPPORTUNITY_L3_タブレットをかざして月の位置を探索しその空間的な動きを観察する活動,EFFECT_L3_方位や位置関係に関する理解が深まる,opportunity_effect,62
E000926,OPPORTUNITY_L3_月の位置や見え方の変化を複数の時刻で比較して観察する活動,EFFECT_L3_方位や位置関係に関する理解が深まる,opportunity_effect,62
E000927,EFFECT_L2_自然現象等の理解,EFFECT_L3_月の高度変化に関する理解が深まる,hierarchy,
E000928,OPPORTUNITY_L3_方位や建物を目印に月の高さと方向を観察して空間的な位置を把握する活動,EFFECT_L3_月の高度変化に関する理解が深まる,opportunity_effect,62
E000929,OPPORTUNITY_L3_月の位置や見え方の変化を複数の時刻で比較して観察する活動,EFFECT_L3_月の高度変化に関する理解が深まる,opportunity_effect,62
E000930,UNIT_L3_地学,UNIT_L4_月と星（月の形と位置の変化）,hierarchy,
E000931,EFFECT_L3_方位や位置関係に関する理解が深まる,UNIT_L4_月と星（月の形と位置の変化）,effect_unit,62
E000932,EFFECT_L3_月の高度変化に関する理解が深まる,UNIT_L4_月と星（月の形と位置の変化）,effect_unit,62
E000933,ICT_L1_ハードウェア,ICT_L2_3Dプリンター,hierarchy,
E000934,ICT_L2_3Dプリンター,ICT_L3_3Dプリンター,hierarchy,
E000935,ICT_L2_その他ソフトウェア,ICT_L3_3Dモデリングソフトウェア（Meshmixer）,hierarchy,
E000936,ICT_L2_その他ソフトウェア,ICT_L3_立体模型を作る（地理院地図編）,hierarchy,
E000937,FUNCTION_L1_学習支援・管理系機能,FUNCTION_L2_教材作成,hierarchy,
E000938,FUNCTION_L2_教材作成,FUNCTION_L3_地形データから実寸地形模型の造形が可能,hierarchy,
E000939,FUNCTION_L2_学習支援・管理,FUNCTION_L3_複数の同一模型を個別配布することが可能,hierarchy,
E000940,FUNCTION_L2_空間・地形情報の可視化,FUNCTION_L3_液体流下による噴火現象の可視化が可能,hierarchy,
E000941,FUNCTION_L2_教材作成,FUNCTION_L3_油性ペンによる火口や噴石範囲の描写が可能,hierarchy,
E000942,OPPORTUNITY_L2_空間的配置や方位の変化を捉える観察,OPPORTUNITY_L3_地形図と模型を対応づけて方位を確認する活動,hierarchy,
E000943,FUNCTION_L3_地形データから実寸地形模型の造形が可能,OPPORTUNITY_L3_地形図と模型を対応づけて方位を確認する活動,function_opportunity,65
E000944,FUNCTION_L3_複数の同一模型を個別配布することが可能,OPPORTUNITY_L3_地形図と模型を対応づけて方位を確認する活動,function_opportunity,65
E000945,OPPORTUNITY_L2_モデル化された現象の観察,OPPORTUNITY_L3_３Dモデル上に噴石の到達範囲を描く活動,hierarchy,
E000946,FUNCTION_L3_油性ペンによる火口や噴石範囲の描写が可能,OPPORTUNITY_L3_３Dモデル上に噴石の到達範囲を描く活動,function_opportunity,65
E000947,OPPORTUNITY_L2_モデル化された現象の観察,OPPORTUNITY_L3_着色水を使って火山泥流の流れを再現しその流下の様子を観察する活動,hierarchy,
E000948,FUNCTION_L3_液体流下による噴火現象の可視化が可能,OPPORTUNITY_L3_着色水を使って火山泥流の流れを再現しその流下の様子を観察する活動,function_opportunity,65
E000949,EFFECT_L2_自然現象等の理解,EFFECT_L3_地形と火山現象との関係に関する理解が深まる,hierarchy,
E000950,OPPORTUNITY_L3_地形図と模型を対応づけて方位を確認する活動,EFFECT_L3_地形と火山現象との関係に関する理解が深まる,opportunity_effect,65
E000951,OPPORTUNITY_L3_３Dモデル上に噴石の到達範囲を描く活動,EFFECT_L3_地形と火山現象との関係に関する理解が深まる,opportunity_effect,65
E000952,OPPORTUNITY_L3_着色水を使って火山泥流の流れを再現しその流下の様子を観察する活動,EFFECT_L3_地形と火山現象との関係に関する理解が深まる,opportunity_effect,65
E000953,EFFECT_L2_科学的態度・人間性の涵養,EFFECT_L3_地域の防災や災害に対する意識が高まる,hierarchy,
E000954,OPPORTUNITY_L3_着色水を使って火山泥流の流れを再現しその流下の様子を観察する活動,EFFECT_L3_地域の防災や災害に対する意識が高まる,opportunity_effect,65
E000955,OPPORTUNITY_L3_地形図と模型を対応づけて方位を確認する活動,EFFECT_L3_協働して学ぶ姿勢が育まれる,opportunity_effect,65
E000956,EFFECT_L2_理科への興味・関心・意欲,EFFECT_L3_火山のしくみや活動に対する関心・興味が高まる,hierarchy,
E000957,OPPORTUNITY_L3_着色水を使って火山泥流の流れを再現しその流下の様子を観察する活動,EFFECT_L3_火山のしくみや活動に対する関心・興味が高まる,opportunity_effect,65
E000958,UNIT_L2_小学校6年,UNIT_L3_地学,hierarchy,
E000959,UNIT_L3_地学,UNIT_L4_土地のつくりと変化,hierarchy,
E000960,EFFECT_L3_地形と火山現象との関係に関する理解が深まる,UNIT_L4_土地のつくりと変化,effect_unit,65
E000961,EFFECT_L3_地域の防災や災害に対する意識が高まる,UNIT_L4_土地のつくりと変化,effect_unit,65
E000962,EFFECT_L3_協働して学ぶ姿勢が育まれる,UNIT_L4_土地のつくりと変化,effect_unit,65
E000963,EFFECT_L3_火山のしくみや活動に対する関心・興味が高まる,UNIT_L4_土地のつくりと変化,effect_unit,65
E000964,UNIT_L3_地学,UNIT_L4_自然の恵みと火山災害・地震災害（自然の恵みと火山災害・地震災害）,hierarchy,
E000965,EFFECT_L3_地形と火山現象との関係に関する理解が深まる,UNIT_L4_自然の恵みと火山災害・地震災害（自然の恵みと火山災害・地震災害）,effect_unit,65
E000966,EFFECT_L3_地域の防災や災害に対する意識が高まる,UNIT_L4_自然の恵みと火山災害・地震災害（自然の恵みと火山災害・地震災害）,effect_unit,65
E000967,EFFECT_L3_協働して学ぶ姿勢が育まれる,UNIT_L4_自然の恵みと火山災害・地震災害（自然の恵みと火山災害・地震災害）,effect_unit,65
E000968,EFFECT_L3_火山のしくみや活動に対する関心・興味が高まる,UNIT_L4_自然の恵みと火山災害・地震災害（自然の恵みと火山災害・地震災害）,effect_unit,65
E000969,ICT_L2_データ,ICT_L3_気象庁アメダスデータ,hierarchy,
E000970,ICT_L2_撮影機器,ICT_L3_サーモグラフィー撮影機器,hierarchy,
E000971,ICT_L2_メディア・映像・画像,ICT_L3_サーモグラフィー画像,hierarchy,
E000972,FUNCTION_L2_データ・現象の可視化,FUNCTION_L3_実際の気象データを用いた気温変化の可視化が可能,hierarchy,
E000973,ICT_L3_気象庁アメダスデータ,FUNCTION_L3_実際の気象データを用いた気温変化の可視化が可能,ict_function,66
E000974,FUNCTION_L2_データ・現象の可視化,FUNCTION_L3_都市と郊外の気温差を定量的に比較する分析が可能,hierarchy,
E000975,ICT_L3_気象庁アメダスデータ,FUNCTION_L3_都市と郊外の気温差を定量的に比較する分析が可能,ict_function,66
E000976,FUNCTION_L2_データ・現象の可視化,FUNCTION_L3_都市と郊外の表面温度分布を色で視覚的に比較することが可能,hierarchy,
E000977,ICT_L3_サーモグラフィー画像,FUNCTION_L3_都市と郊外の表面温度分布を色で視覚的に比較することが可能,ict_function,66
E000978,OPPORTUNITY_L2_観察や実験の結果をもとに科学的に考察を深める探究,OPPORTUNITY_L3_都市と郊外の気温グラフを比較しヒートアイランド現象（UHI）の日変化を考察する活動,hierarchy,
E000979,FUNCTION_L3_実際の気象データを用いた気温変化の可視化が可能,OPPORTUNITY_L3_都市と郊外の気温グラフを比較しヒートアイランド現象（UHI）の日変化を考察する活動,function_opportunity,66
E000980,FUNCTION_L3_都市と郊外の気温差を定量的に比較する分析が可能,OPPORTUNITY_L3_都市と郊外の気温グラフを比較しヒートアイランド現象（UHI）の日変化を考察する活動,function_opportunity,66
E000981,OPPORTUNITY_L2_観察や実験の結果をもとに科学的に考察を深める探究,OPPORTUNITY_L3_サーモグラフィー画像を比較し放射冷却の違いを科学的に探究する活動,hierarchy,
E000982,FUNCTION_L3_都市と郊外の表面温度分布を色で視覚的に比較することが可能,OPPORTUNITY_L3_サーモグラフィー画像を比較し放射冷却の違いを科学的に探究する活動,function_opportunity,66
E000983,EFFECT_L2_自然現象等の理解,EFFECT_L3_ヒートアイランド現象の強度変化や日周期に関する理解が深まる,hierarchy,
E000984,OPPORTUNITY_L3_都市と郊外の気温グラフを比較しヒートアイランド現象（UHI）の日変化を考察する活動,EFFECT_L3_ヒートアイランド現象の強度変化や日周期に関する理解が深まる,opportunity_effect,66
E000985,OPPORTUNITY_L3_サーモグラフィー画像を比較し放射冷却の違いを科学的に探究する活動,EFFECT_L3_ヒートアイランド現象の強度変化や日周期に関する理解が深まる,opportunity_effect,66
E000986,UNIT_L2_高等学校2年,UNIT_L3_地学,hierarchy,
E000987,UNIT_L3_地学,UNIT_L4_地球の環境（日本の自然環境）,hierarchy,
E000988,EFFECT_L3_ヒートアイランド現象の強度変化や日周期に関する理解が深まる,UNIT_L4_地球の環境（日本の自然環境）,effect_unit,66
E000989,ICT_L1_ソフトウェア,ICT_L2_生成AI,hierarchy,
E000990,ICT_L2_生成AI,ICT_L3_ChatGPT,hierarchy,
E000991,FUNCTION_L2_意見・評価の共有,FUNCTION_L3_児童の記述への即時的フィードバックが可能,hierarchy,
E000992,ICT_L3_ChatGPT,FUNCTION_L3_児童の記述への即時的フィードバックが可能,ict_function,68
E000993,FUNCTION_L2_意見・評価の共有,FUNCTION_L3_児童の評価基準を反映したフィードバックが可能,hierarchy,
E000994,ICT_L3_ChatGPT,FUNCTION_L3_児童の評価基準を反映したフィードバックが可能,ict_function,68
E000995,FUNCTION_L2_意見・評価の共有,FUNCTION_L3_児童全員の記述のフィードバック同時に得ることが可能,hierarchy,
E000996,ICT_L3_ChatGPT,FUNCTION_L3_児童全員の記述のフィードバック同時に得ることが可能,ict_function,68
E000997,FUNCTION_L2_学習ログ・記録の整理,FUNCTION_L3_児童の表現内容をデジタルデータとして保存・共有することが可能,hierarchy,
E000998,OPPORTUNITY_L2_学びを振り返り理解を再構築する探究,OPPORTUNITY_L3_児童が受け取ったフィードバックの内容や根拠を批判的に検討する活動,hierarchy,
E000999,FUNCTION_L3_児童の記述への即時的フィードバックが可能,OPPORTUNITY_L3_児童が受け取ったフィードバックの内容や根拠を批判的に検討する活動,function_opportunity,68
E001000,FUNCTION_L3_児童の評価基準を反映したフィードバックが可能,OPPORTUNITY_L3_児童が受け取ったフィードバックの内容や根拠を批判的に検討する活動,function_opportunity,68
E001001,FUNCTION_L3_児童全員の記述のフィードバック同時に得ることが可能,OPPORTUNITY_L3_児童が受け取ったフィードバックの内容や根拠を批判的に検討する活動,function_opportunity,68
E001002,OPPORTUNITY_L2_観察や実験結果・考察などを共有し他者と比較・確認する活動,OPPORTUNITY_L3_児童同士が自分の記述を共有する活動,hierarchy,
E001003,FUNCTION_L3_児童の表現内容をデジタルデータとして保存・共有することが可能,OPPORTUNITY_L3_児童同士が自分の記述を共有する活動,function_opportunity,68
E001004,EFFECT_L2_科学的に考える力,EFFECT_L3_批判的に考える力が育まれる,hierarchy,
E001005,OPPORTUNITY_L3_児童が受け取ったフィードバックの内容や根拠を批判的に検討する活動,EFFECT_L3_批判的に考える力が育まれる,opportunity_effect,68
E001006,OPPORTUNITY_L3_児童同士が自分の記述を共有する活動,EFFECT_L3_科学的な表現力が向上する,opportunity_effect,68
E001007,UNIT_L2_小学校6年,UNIT_L3_物理,hierarchy,
E001008,UNIT_L3_物理,UNIT_L4_電気の利用,hierarchy,
E001009,EFFECT_L3_批判的に考える力が育まれる,UNIT_L4_電気の利用,effect_unit,68
E001010,EFFECT_L3_科学的な表現力が向上する,UNIT_L4_電気の利用,effect_unit,68
