node_id,label,layer,level,parent_id,display_order
ICT_L1_ハードウェア,ハードウェア,ICT,1,,1
ICT_L2_タブレット端末,タブレット端末,ICT,2,ICT_L1_ハードウェア,2
ICT_L3_NEXUS7,NEXUS7,ICT,3,ICT_L2_タブレット端末,3
FUNCTION_L1_可視化・表示系機能,可視化・表示系機能,FUNCTION,1,,4
FUNCTION_L2_映像・画像の表示・拡大,映像・画像の表示・拡大,FUNCTION,2,FUNCTION_L1_可視化・表示系機能,5
FUNCTION_L3_顕微鏡映像をタブレット画面に表示,顕微鏡映像をタブレット画面に表示,FUNCTION,3,FUNCTION_L2_映像・画像の表示・拡大,6
FUNCTION_L3_顕微鏡以上の拡大表示が可能,顕微鏡以上の拡大表示が可能,FUNCTION,3,FUNCTION_L2_映像・画像の表示・拡大,7
OPPORTUNITY_L2_微細な物質や構造の変化を捉える観察,微細な物質や構造の変化を捉える観察,OPPORTUNITY,2,,8
OPPORTUNITY_L3_タブレット顕微鏡を用いてブラウン運動を協働的に観察する活動,タブレット顕微鏡を用いてブラウン運動を協働的に観察する活動,OPPORTUNITY,3,OPPORTUNITY_L2_微細な物質や構造の変化を捉える観察,9
OPPORTUNITY_L2_意見や考察を交換し多様な視点を取りいれる討議活動,意見や考察を交換し多様な視点を取りいれる討議活動,OPPORTUNITY,2,,10
OPPORTUNITY_L3_観察結果をグループ内で共有しその内容について討議する活動,観察結果をグループ内で共有し、その内容について討議する活動,OPPORTUNITY,3,OPPORTUNITY_L2_意見や考察を交換し多様な視点を取りいれる討議活動,11
EFFECT_L2_科学的概念・法則の理解,科学的概念・法則の理解,EFFECT,2,,12
EFFECT_L3_粒子の運動に関する理解が深まる,粒子の運動に関する理解が深まる,EFFECT,3,EFFECT_L2_科学的概念・法則の理解,13
EFFECT_L2_理科への興味・関心・意欲,理科への興味・関心・意欲,EFFECT,2,,14
EFFECT_L3_観察に対する意欲が高まる,観察に対する意欲が高まる,EFFECT,3,EFFECT_L2_理科への興味・関心・意欲,15
UNIT_L1_中学校,中学校,UNIT,1,,16
UNIT_L2_中学校1年,中学校1年,UNIT,2,UNIT_L1_中学校,17
UNIT_L3_化学,化学,UNIT,3,UNIT_L2_中学校1年,18
UNIT_L4_物質のすがた（身の回りの物質とその性質）,物質のすがた（身の回りの物質とその性質）,UNIT,4,UNIT_L3_化学,19
ICT_L3_携帯端末,携帯端末,ICT,3,ICT_L2_タブレット端末,20
ICT_L1_ソフトウェア,ソフトウェア,ICT,1,,21
ICT_L2_観測・記録アプリ,観測・記録アプリ,ICT,2,ICT_L1_ソフトウェア,22
ICT_L3_カメラアプリ,カメラアプリ,ICT,3,ICT_L2_観測・記録アプリ,23
ICT_L2_メディア・映像・画像,メディア・映像・画像,ICT,2,ICT_L1_ソフトウェア,24
ICT_L3_タイムラプス動画,タイムラプス動画,ICT,3,ICT_L2_メディア・映像・画像,25
FUNCTION_L2_空間・地形情報の可視化,空間・地形情報の可視化,FUNCTION,2,FUNCTION_L1_可視化・表示系機能,26
FUNCTION_L3_雲の変化を短時間で視覚的に確認が可能,雲の変化を短時間で視覚的に確認が可能,FUNCTION,3,FUNCTION_L2_空間・地形情報の可視化,27
FUNCTION_L3_雲の動きや発生を通して大気の運動を可視化が可能,雲の動きや発生を通して大気の運動を可視化が可能,FUNCTION,3,FUNCTION_L2_空間・地形情報の可視化,28
FUNCTION_L1_学習支援・管理系機能,学習支援・管理系機能,FUNCTION,1,,29
FUNCTION_L2_学習支援・管理,学習支援・管理,FUNCTION,2,FUNCTION_L1_学習支援・管理系機能,30
FUNCTION_L3_個々の端末を用いていつでも撮影が可能,個々の端末を用いていつでも撮影が可能,FUNCTION,3,FUNCTION_L2_学習支援・管理,31
FUNCTION_L1_分析・比較系機能,分析・比較系機能,FUNCTION,1,,32
FUNCTION_L2_比較・探索機能,比較・探索機能,FUNCTION,2,FUNCTION_L1_分析・比較系機能,33
FUNCTION_L3_撮影データを繰り返し分析・比較が可能,撮影データを繰り返し分析・比較が可能,FUNCTION,3,FUNCTION_L2_比較・探索機能,34
OPPORTUNITY_L2_学びの成果を発表・伝達する活動,学びの成果を発表・伝達する活動,OPPORTUNITY,2,,35
OPPORTUNITY_L3_自ら撮影した動画の分析結果を発表する活動,自ら撮影した動画の分析結果を発表する活動,OPPORTUNITY,3,OPPORTUNITY_L2_学びの成果を発表・伝達する活動,36
OPPORTUNITY_L2_他者の成果を参照し自らの考えを再構成する活動,他者の成果を参照し自らの考えを再構成する活動,OPPORTUNITY,2,,37
OPPORTUNITY_L3_他者の発表を聞き自分とは異なる視点を取り入れる活動,他者の発表を聞き、自分とは異なる視点を取り入れる活動,OPPORTUNITY,3,OPPORTUNITY_L2_他者の成果を参照し自らの考えを再構成する活動,38
EFFECT_L2_自然現象等の理解,自然現象等の理解,EFFECT,2,,39
EFFECT_L3_雲の動きや発生に関する理解が深まる,雲の動きや発生に関する理解が深まる,EFFECT,3,EFFECT_L2_自然現象等の理解,40
EFFECT_L3_大気の動きや気象現象に関する理解が深まる,大気の動きや気象現象に関する理解が深まる,EFFECT,3,EFFECT_L2_自然現象等の理解,41
EFFECT_L3_雲や天気の変化に対する興味・関心が高まる,雲や天気の変化に対する興味・関心が高まる,EFFECT,3,EFFECT_L2_理科への興味・関心・意欲,42
UNIT_L1_高等学校,高等学校,UNIT,1,,43
UNIT_L2_高等学校3年,高等学校3年,UNIT,2,UNIT_L1_高等学校,44
UNIT_L3_地学,地学,UNIT,3,UNIT_L2_高等学校3年,45
UNIT_L4_大気と海洋（大気の海水の運動）,大気と海洋（大気の海水の運動）,UNIT,4,UNIT_L3_地学,46
ICT_L2_センサー・計測機器,センサー・計測機器,ICT,2,ICT_L1_ハードウェア,47
ICT_L3_データロガー,データロガー,ICT,3,ICT_L2_センサー・計測機器,48
ICT_L3_酸素濃度センサー,酸素濃度センサー,ICT,3,ICT_L2_センサー・計測機器,49
ICT_L3_二酸化炭素濃度センサー,二酸化炭素濃度センサー,ICT,3,ICT_L2_センサー・計測機器,50
ICT_L2_表示機器,表示機器,ICT,2,ICT_L1_ハードウェア,51
ICT_L3_液晶ディスプレイ,液晶ディスプレイ,ICT,3,ICT_L2_表示機器,52
ICT_L2_PC,PC,ICT,2,ICT_L1_ハードウェア,53
ICT_L3_PC,PC,ICT,3,ICT_L2_PC,54
FUNCTION_L2_データ・現象の可視化,データ・現象の可視化,FUNCTION,2,FUNCTION_L1_可視化・表示系機能,55
FUNCTION_L3_気体濃度変化のリアルタイム観察が可能,気体濃度変化のリアルタイム観察が可能,FUNCTION,3,FUNCTION_L2_データ・現象の可視化,56
FUNCTION_L3_気体濃度データのグラフ表示が可能,気体濃度データのグラフ表示が可能,FUNCTION,3,FUNCTION_L2_データ・現象の可視化,57
FUNCTION_L1_共有・協働・通信系機能,共有・協働・通信系機能,FUNCTION,1,,58
FUNCTION_L2_データ・資料の共有,データ・資料の共有,FUNCTION,2,FUNCTION_L1_共有・協働・通信系機能,59
FUNCTION_L3_同じ画面を児童同士で共有が可能,同じ画面を児童同士で共有が可能,FUNCTION,3,FUNCTION_L2_データ・資料の共有,60
OPPORTUNITY_L2_物理量やエネルギーの変化を捉える観察,物理量やエネルギーの変化を捉える観察,OPPORTUNITY,2,,61
OPPORTUNITY_L3_気体濃度変化をリアルタイムに観察する活動,気体濃度変化をリアルタイムに観察する活動,OPPORTUNITY,3,OPPORTUNITY_L2_物理量やエネルギーの変化を捉える観察,62
OPPORTUNITY_L3_光合成と呼吸の比較・観察する活動,光合成と呼吸の比較・観察する活動,OPPORTUNITY,3,OPPORTUNITY_L2_物理量やエネルギーの変化を捉える観察,63
OPPORTUNITY_L2_観察や実験結果・考察などを共有し他者と比較・確認する活動,観察や実験結果・考察などを共有し他者と比較・確認する活動,OPPORTUNITY,2,,64
OPPORTUNITY_L3_観察結果を他者と共有する活動,観察結果を他者と共有する活動,OPPORTUNITY,3,OPPORTUNITY_L2_観察や実験結果・考察などを共有し他者と比較・確認する活動,65
OPPORTUNITY_L2_効率的な観察,効率的な観察,OPPORTUNITY,2,,66
OPPORTUNITY_L3_短時間で対象を観察し結果を確認する活動,短時間で対象を観察し結果を確認する活動,OPPORTUNITY,3,OPPORTUNITY_L2_効率的な観察,67
EFFECT_L3_光合成の過程に関する理解が深まる,光合成の過程に関する理解が深まる,EFFECT,3,EFFECT_L2_科学的概念・法則の理解,68
EFFECT_L2_授業の効率化,授業の効率化,EFFECT,2,,69
EFFECT_L3_時間のかかる現象の観察や実験（光合成）が効率化される,時間のかかる現象の観察や実験（光合成）が効率化される,EFFECT,3,EFFECT_L2_授業の効率化,70
UNIT_L1_小学校,小学校,UNIT,1,,71
UNIT_L2_小学校6年,小学校6年,UNIT,2,UNIT_L1_小学校,72
UNIT_L3_生物,生物,UNIT,3,UNIT_L2_小学校6年,73
UNIT_L4_生物と環境（生物と水空気との関わり）,生物と環境（生物と水、空気との関わり）,UNIT,4,UNIT_L3_生物,74
ICT_L3_Windows,Windows,ICT,3,ICT_L2_PC,75
ICT_L2_学習支援・学習管理システム,学習支援・学習管理システム,ICT,2,ICT_L1_ソフトウェア,76
ICT_L3_スタディノート,スタディノート,ICT,3,ICT_L2_学習支援・学習管理システム,77
FUNCTION_L1_記録・保存・整理系機能,記録・保存・整理系機能,FUNCTION,1,,78
FUNCTION_L2_学習ログ・記録の整理,学習ログ・記録の整理,FUNCTION,2,FUNCTION_L1_記録・保存・整理系機能,79
FUNCTION_L3_実験記録を二次元マップ上で可視化が可能,実験記録を二次元マップ上で可視化が可能,FUNCTION,3,FUNCTION_L2_学習ログ・記録の整理,80
FUNCTION_L3_デジタルノートによる情報共有が可能,デジタルノートによる情報共有が可能,FUNCTION,3,FUNCTION_L2_データ・資料の共有,81
FUNCTION_L2_意見・評価の共有,意見・評価の共有,FUNCTION,2,FUNCTION_L1_共有・協働・通信系機能,82
FUNCTION_L3_学習の評価規準をマップ上で構造化表示が可能,学習の評価規準をマップ上で構造化表示が可能,FUNCTION,3,FUNCTION_L2_意見・評価の共有,83
OPPORTUNITY_L3_共有した実験データをもとに相互に評価・検討する活動,共有した実験データをもとに、相互に評価・検討する活動,OPPORTUNITY,3,OPPORTUNITY_L2_観察や実験結果・考察などを共有し他者と比較・確認する活動,84
OPPORTUNITY_L3_誤差の扱いについて結果や方法を比較し班内で議論する活動,誤差の扱いについて結果や方法を比較し、班内で議論する活動,OPPORTUNITY,3,OPPORTUNITY_L2_意見や考察を交換し多様な視点を取りいれる討議活動,85
OPPORTUNITY_L2_条件を操作して変化や法則を確かめる実験,条件を操作して変化や法則を確かめる実験,OPPORTUNITY,2,,86
OPPORTUNITY_L3_議論の結果をもとに条件を見直し再実験を行って確かめる活動,議論の結果をもとに条件を見直し、再実験を行って確かめる活動,OPPORTUNITY,3,OPPORTUNITY_L2_条件を操作して変化や法則を確かめる実験,87
OPPORTUNITY_L2_仮説を立て・検証計画を立案する探究,仮説を立て・検証計画を立案する探究,OPPORTUNITY,2,,88
OPPORTUNITY_L3_データベースマップ上の情報を根拠に仮説を立てて検証する活動,データベースマップ上の情報を根拠に、仮説を立てて検証する活動,OPPORTUNITY,3,OPPORTUNITY_L2_仮説を立て・検証計画を立案する探究,89
EFFECT_L2_主体的に学習に取り組む力,主体的に学習に取り組む力,EFFECT,2,,90
EFFECT_L3_学習の評価規準を意識した学習が促される,学習の評価規準を意識した学習が促される,EFFECT,3,EFFECT_L2_主体的に学習に取り組む力,91
EFFECT_L2_科学的に考える力,科学的に考える力,EFFECT,2,,92
EFFECT_L3_誤差に対する認識が共有され科学的な理解が深まる,誤差に対する認識が共有され、科学的な理解が深まる,EFFECT,3,EFFECT_L2_科学的に考える力,93
EFFECT_L2_協同的に学ぶ力・社会とのつながり,協同的に学ぶ力・社会とのつながり,EFFECT,2,,94
EFFECT_L3_協働して学ぶ姿勢が育まれる,協働して学ぶ姿勢が育まれる,EFFECT,3,EFFECT_L2_協同的に学ぶ力・社会とのつながり,95
UNIT_L2_小学校5年,小学校5年,UNIT,2,UNIT_L1_小学校,96
UNIT_L3_物理,物理,UNIT,3,UNIT_L2_小学校5年,97
UNIT_L4_振り子の運動（振り子の運動）,振り子の運動（振り子の運動）,UNIT,4,UNIT_L3_物理,98
ICT_L2_プレゼンテーションソフト,プレゼンテーションソフト,ICT,2,ICT_L1_ソフトウェア,99
ICT_L3_PowerPoint,PowerPoint,ICT,3,ICT_L2_プレゼンテーションソフト,100
FUNCTION_L3_水分子の運動や振動を動画として表現が可能,水分子の運動や振動を動画として表現が可能,FUNCTION,3,FUNCTION_L2_データ・現象の可視化,101
FUNCTION_L1_編集・加工系機能,編集・加工系機能,FUNCTION,1,,102
FUNCTION_L2_資料・スライド作成,資料・スライド作成,FUNCTION,2,FUNCTION_L1_編集・加工系機能,103
FUNCTION_L3_状態変化を連続的なストーリーとして表現が可能,状態変化を連続的なストーリーとして表現が可能,FUNCTION,3,FUNCTION_L2_資料・スライド作成,104
FUNCTION_L3_学習者間で動画データの即時共有が可能,学習者間で動画データの即時共有が可能,FUNCTION,3,FUNCTION_L2_データ・資料の共有,105
FUNCTION_L3_言語的コードと非言語的コードの併用表現が可能,言語的コードと非言語的コードの併用表現が可能,FUNCTION,3,FUNCTION_L2_資料・スライド作成,106
OPPORTUNITY_L3_グループで作成した動画モデルを用いて発表する活動,グループで作成した動画モデルを用いて発表する活動,OPPORTUNITY,3,OPPORTUNITY_L2_学びの成果を発表・伝達する活動,107
OPPORTUNITY_L3_分子運動論の理解を基に動画を作成しその内容を他者と共有する活動,分子運動論の理解を基に動画を作成し、その内容を他者と共有する活動,OPPORTUNITY,3,OPPORTUNITY_L2_学びの成果を発表・伝達する活動,108
EFFECT_L3_分子運動論に関する理解が深まる,分子運動論に関する理解が深まる,EFFECT,3,EFFECT_L2_科学的概念・法則の理解,109
EFFECT_L3_熱エネルギーと分子の運動との関係に関する理解が深まる,熱エネルギーと分子の運動との関係に関する理解が深まる,EFFECT,3,EFFECT_L2_科学的概念・法則の理解,110
EFFECT_L2_科学的に表現し説明する力,科学的に表現し説明する力,EFFECT,2,,111
EFFECT_L3_科学的な表現の幅と精密さが豊かになる,科学的な表現の幅と精密さが豊かになる,EFFECT,3,EFFECT_L2_科学的に表現し説明する力,112
UNIT_L4_状態変化（状態変化と熱）,状態変化（状態変化と熱）,UNIT,4,UNIT_L3_化学,113
ICT_L3_iPad,iPad,ICT,3,ICT_L2_タブレット端末,114
ICT_L2_コミュニケーション・共有ツール,コミュニケーション・共有ツール,ICT,2,ICT_L1_ソフトウェア,115
ICT_L3_FaceTime,FaceTime,ICT,3,ICT_L2_コミュニケーション・共有ツール,116
FUNCTION_L2_リアルタイム通信・対話,リアルタイム通信・対話,FUNCTION,2,FUNCTION_L1_共有・協働・通信系機能,117
FUNCTION_L3_遠隔地の他校生徒とのリアルタイム通信が可能,遠隔地の他校生徒とのリアルタイム通信が可能,FUNCTION,3,FUNCTION_L2_リアルタイム通信・対話,118
FUNCTION_L3_遠隔地の他校の小グループ間での直接会話が可能,遠隔地の他校の小グループ間での直接会話が可能,FUNCTION,3,FUNCTION_L2_リアルタイム通信・対話,119
FUNCTION_L3_他者の資料・発表内容をリアルタイムに参照可能,他者の資料・発表内容をリアルタイムに参照可能,FUNCTION,3,FUNCTION_L2_データ・資料の共有,120
OPPORTUNITY_L2_遠隔交流や専門家との対話を通して学びを広げる活動,遠隔交流や専門家との対話を通して学びを広げる活動,OPPORTUNITY,2,,121
OPPORTUNITY_L3_他地域の生徒との意見交換,他地域の生徒との意見交換,OPPORTUNITY,3,OPPORTUNITY_L2_遠隔交流や専門家との対話を通して学びを広げる活動,122
OPPORTUNITY_L3_相手の発言を比較検討する討議活動,相手の発言を比較検討する討議活動,OPPORTUNITY,3,OPPORTUNITY_L2_意見や考察を交換し多様な視点を取りいれる討議活動,123
OPPORTUNITY_L2_学びを整理し自らの理解を表現する活動,学びを整理し自らの理解を表現する活動,OPPORTUNITY,2,,124
OPPORTUNITY_L3_互いに説明し合いながら内容を図で表現する活動,互いに説明し合いながら、内容を図で表現する活動,OPPORTUNITY,3,OPPORTUNITY_L2_学びを整理し自らの理解を表現する活動,125
EFFECT_L2_結果を分析し考察する力,結果を分析し考察する力,EFFECT,2,,126
EFFECT_L3_多面的に捉えて総合的に考察する力が育まれる,多面的に捉えて総合的に考察する力が育まれる,EFFECT,3,EFFECT_L2_結果を分析し考察する力,127
EFFECT_L3_根拠をもとに自分の考えを説明する力が育まれる,根拠をもとに自分の考えを説明する力が育まれる,EFFECT,3,EFFECT_L2_科学的に表現し説明する力,128
EFFECT_L3_他者に伝わるように考えを整理し分かりやすく表現する力が育まれる,他者に伝わるように考えを整理し、分かりやすく表現する力が育まれる,EFFECT,3,EFFECT_L2_科学的に表現し説明する力,129
UNIT_L2_中学校3年,中学校3年,UNIT,2,UNIT_L1_中学校,130
UNIT_L4_自然環境の保全と科学技術の利用（自然環境の保全と科学技術の利用）,自然環境の保全と科学技術の利用（自然環境の保全と科学技術の利用）,UNIT,4,UNIT_L3_地学,131
FUNCTION_L3_生徒間でのデータ・資料の共有・比較が可能,生徒間でのデータ・資料の共有・比較が可能,FUNCTION,3,FUNCTION_L2_データ・資料の共有,132
OPPORTUNITY_L2_観察や実験の結果をもとに科学的に考察を深める探究,観察や実験の結果をもとに科学的に考察を深める探究,OPPORTUNITY,2,,133
OPPORTUNITY_L3_複数地域の地質を比較・考察する活動,複数地域の地質を比較・考察する活動,OPPORTUNITY,3,OPPORTUNITY_L2_観察や実験の結果をもとに科学的に考察を深める探究,134
OPPORTUNITY_L3_自らの調査で得た内容を整理し他者に向けて説明・発信する活動,自らの調査で得た内容を整理し、他者に向けて説明・発信する活動,OPPORTUNITY,3,OPPORTUNITY_L2_学びの成果を発表・伝達する活動,135
EFFECT_L3_火山活動とマグマの粘性との関係理解が深まる,火山活動とマグマの粘性との関係理解が深まる,EFFECT,3,EFFECT_L2_自然現象等の理解,136
EFFECT_L3_造岩鉱物の種類と色の違いに関する理解が深まる,造岩鉱物の種類と色の違いに関する理解が深まる,EFFECT,3,EFFECT_L2_自然現象等の理解,137
EFFECT_L3_地域の大地の成り立ちに対する学習意欲が高まる,地域の大地の成り立ちに対する学習意欲が高まる,EFFECT,3,EFFECT_L2_理科への興味・関心・意欲,138
UNIT_L4_火山と地震（火山活動と火成岩）,火山と地震（火山活動と火成岩）,UNIT,4,UNIT_L3_地学,139
ICT_L3_デジタル温度ロガー(おんどとりTR42),デジタル温度ロガー(おんどとりTR42),ICT,3,ICT_L2_センサー・計測機器,140
ICT_L3_ThermoREC,ThermoREC,ICT,3,ICT_L2_観測・記録アプリ,141
FUNCTION_L3_温度変化をリアルタイムで可視化することが可能,温度変化をリアルタイムで可視化することが可能,FUNCTION,3,FUNCTION_L2_データ・現象の可視化,142
FUNCTION_L2_データ・画像の記録,データ・画像の記録,FUNCTION,2,FUNCTION_L1_記録・保存・整理系機能,143
FUNCTION_L3_測定データをCSV形式で保存・解析することが可能,測定データをCSV形式で保存・解析することが可能,FUNCTION,3,FUNCTION_L2_データ・画像の記録,144
FUNCTION_L3_同時に複数箇所の温度を測定し比較することが可能,同時に複数箇所の温度を測定し比較することが可能,FUNCTION,3,FUNCTION_L2_データ・現象の可視化,145
OPPORTUNITY_L2_データを収集し分析・整理する探究,データを収集し分析・整理する探究,OPPORTUNITY,2,,146
OPPORTUNITY_L3_CSVデータを用いた表計算ソフトでの解析する活動,CSVデータを用いた表計算ソフトでの解析する活動,OPPORTUNITY,3,OPPORTUNITY_L2_データを収集し分析・整理する探究,147
OPPORTUNITY_L3_熱平衡過程における2つの物体の温度変化を同時に観察・測定する活動,熱平衡過程における2つの物体の温度変化を同時に観察・測定する活動,OPPORTUNITY,3,OPPORTUNITY_L2_物理量やエネルギーの変化を捉える観察,148
EFFECT_L3_温度変化と仕事量との関係理解が深まる,温度変化と仕事量との関係理解が深まる,EFFECT,3,EFFECT_L2_科学的概念・法則の理解,149
EFFECT_L3_熱平衡の概念や仕組みに関する理解が深まる,熱平衡の概念や仕組みに関する理解が深まる,EFFECT,3,EFFECT_L2_科学的概念・法則の理解,150
EFFECT_L3_熱力学現象への興味・関心が高まる,熱力学現象への興味・関心が高まる,EFFECT,3,EFFECT_L2_理科への興味・関心・意欲,151
UNIT_L4_熱（熱と温度）,熱（熱と温度）,UNIT,4,UNIT_L3_物理,152
ICT_L3_タブレット端末,タブレット端末,ICT,3,ICT_L2_タブレット端末,153
ICT_L2_WEBマップ,WEBマップ,ICT,2,ICT_L1_ソフトウェア,154
ICT_L3_ひまわり8号リアルタイムWEB,ひまわり8号リアルタイムWEB,ICT,3,ICT_L2_WEBマップ,155
ICT_L3_世界の雨分布統計,世界の雨分布統計,ICT,3,ICT_L2_WEBマップ,156
ICT_L3_earth::地球の風天気雨の状況地図,"earth::地球の風,天気,雨の状況地図",ICT,3,ICT_L2_WEBマップ,157
FUNCTION_L3_雲・降水・風の分布の視覚的比較が可能,雲・降水・風の分布の視覚的比較が可能,FUNCTION,3,FUNCTION_L2_空間・地形情報の可視化,158
OPPORTUNITY_L2_天体や自然現象の時間的変化を捉える観察,天体や自然現象の時間的変化を捉える観察,OPPORTUNITY,2,,159
OPPORTUNITY_L3_雲・降水・風の関係を比較・観察する活動,雲・降水・風の関係を比較・観察する活動,OPPORTUNITY,3,OPPORTUNITY_L2_天体や自然現象の時間的変化を捉える観察,160
OPPORTUNITY_L3_観察や実験で得た根拠をもとに水蒸気の起源を科学的に考察する活動,観察や実験で得た根拠をもとに、水蒸気の起源を科学的に考察する活動,OPPORTUNITY,3,OPPORTUNITY_L2_観察や実験の結果をもとに科学的に考察を深める探究,161
EFFECT_L3_複数の資料を関連づけて総合的に考察する力が育まれる,複数の資料を関連づけて総合的に考察する力が育まれる,EFFECT,3,EFFECT_L2_結果を分析し考察する力,162
EFFECT_L3_地球規模での大気の循環に関する理解が深まる,地球規模での大気の循環に関する理解が深まる,EFFECT,3,EFFECT_L2_自然現象等の理解,163
EFFECT_L3_気象への興味・関心が高まる,気象への興味・関心が高まる,EFFECT,3,EFFECT_L2_理科への興味・関心・意欲,164
UNIT_L2_中学校2年,中学校2年,UNIT,2,UNIT_L1_中学校,165
UNIT_L4_日本の気象（大気の働きと海洋の影響）,日本の気象（大気の働きと海洋の影響）,UNIT,4,UNIT_L3_地学,166
ICT_L2_シミュレーションソフト,シミュレーションソフト,ICT,2,ICT_L1_ソフトウェア,167
ICT_L3_スカイガイド,スカイガイド,ICT,3,ICT_L2_シミュレーションソフト,168
FUNCTION_L3_天体の位置・時間を設定して再現観察が可能,天体の位置・時間を設定して再現観察が可能,FUNCTION,3,FUNCTION_L2_空間・地形情報の可視化,169
FUNCTION_L3_児童ごとの個別操作・探索が可能,児童ごとの個別操作・探索が可能,FUNCTION,3,FUNCTION_L2_比較・探索機能,170
OPPORTUNITY_L3_月の位置や見え方の変化を複数の時刻で比較して観察する活動,月の位置や見え方の変化を、複数の時刻で比較して観察する活動,OPPORTUNITY,3,OPPORTUNITY_L2_天体や自然現象の時間的変化を捉える観察,171
EFFECT_L3_月の形と位置の変化に関する理解が深まる,月の形と位置の変化に関する理解が深まる,EFFECT,3,EFFECT_L2_自然現象等の理解,172
UNIT_L4_月と太陽（月の位置や形と太陽の位置）,月と太陽（月の位置や形と太陽の位置）,UNIT,4,UNIT_L3_生物,173
ICT_L3_高橋式酸素センサ,高橋式酸素センサ,ICT,3,ICT_L2_センサー・計測機器,174
FUNCTION_L3_酸素濃度の瞬時測定が可能,酸素濃度の瞬時測定が可能,FUNCTION,3,FUNCTION_L2_データ・現象の可視化,175
OPPORTUNITY_L3_短時間で測定・分析ができる実験活動,短時間で測定・分析ができる実験活動,OPPORTUNITY,3,OPPORTUNITY_L2_効率的な観察,176
OPPORTUNITY_L3_測定した値を共有しグループで協働的に結果を考察する活動,測定した値を共有し、グループで協働的に結果を考察する活動,OPPORTUNITY,3,OPPORTUNITY_L2_観察や実験結果・考察などを共有し他者と比較・確認する活動,177
EFFECT_L3_観察や実験に主体的に取り組む姿勢が促される,観察や実験に主体的に取り組む姿勢が促される,EFFECT,3,EFFECT_L2_主体的に学習に取り組む力,178
ICT_L3_Google_スライド,Google スライド,ICT,3,ICT_L2_プレゼンテーションソフト,179
ICT_L2_表計算ソフト,表計算ソフト,ICT,2,ICT_L1_ソフトウェア,180
ICT_L3_Googleスプレッドシート,Googleスプレッドシート,ICT,3,ICT_L2_表計算ソフト,181
FUNCTION_L2_分析機能,分析機能,FUNCTION,2,FUNCTION_L1_分析・比較系機能,182
FUNCTION_L3_データの自動グラフ化が可能,データの自動グラフ化が可能,FUNCTION,3,FUNCTION_L2_分析機能,183
OPPORTUNITY_L2_協働的に資料や成果物を編集・構築する活動,協働的に資料や成果物を編集・構築する活動,OPPORTUNITY,2,,184
OPPORTUNITY_L3_クラウド上で成果を共有し協働的に確認・活用する活動,クラウド上で成果を共有し、協働的に確認・活用する活動,OPPORTUNITY,3,OPPORTUNITY_L2_協働的に資料や成果物を編集・構築する活動,185
OPPORTUNITY_L3_実験データを自動でグラフ化し結果を整理する活動,実験データを自動でグラフ化し、結果を整理する活動,OPPORTUNITY,3,OPPORTUNITY_L2_データを収集し分析・整理する探究,186
OPPORTUNITY_L2_観察結果の記録,観察結果の記録,OPPORTUNITY,2,,187
OPPORTUNITY_L3_観察した内容を写真とコメントで記録する活動,観察した内容を写真とコメントで記録する活動,OPPORTUNITY,3,OPPORTUNITY_L2_観察結果の記録,188
EFFECT_L3_温度と体積への変化に対する学習意欲の高まりが促される,温度と体積への変化に対する学習意欲の高まりが促される,EFFECT,3,EFFECT_L2_理科への興味・関心・意欲,189
UNIT_L2_小学校4年,小学校4年,UNIT,2,UNIT_L1_小学校,190
UNIT_L4_金属水空気と温度（温度と体積の変化）,金属水空気と温度（温度と体積の変化）,UNIT,4,UNIT_L3_化学,191
ICT_L3_ステラナビゲータ,ステラナビゲータ,ICT,3,ICT_L2_シミュレーションソフト,192
FUNCTION_L3_観察映像や資料の視認性向上が可能,観察映像や資料の視認性向上が可能,FUNCTION,3,FUNCTION_L2_映像・画像の表示・拡大,193
FUNCTION_L2_共同編集・共同作業,共同編集・共同作業,FUNCTION,2,FUNCTION_L1_共有・協働・通信系機能,194
FUNCTION_L3_複数人による協働編集が可能,複数人による協働編集が可能,FUNCTION,3,FUNCTION_L2_共同編集・共同作業,195
OPPORTUNITY_L3_生徒同士で画面を共有しながら天体運動について意見を交わす活動,生徒同士で画面を共有しながら、天体運動について意見を交わす活動,OPPORTUNITY,3,OPPORTUNITY_L2_意見や考察を交換し多様な視点を取りいれる討議活動,196
EFFECT_L2_基礎知識の定着と活用,基礎知識の定着と活用,EFFECT,2,,197
EFFECT_L3_記述による説明の正確さが向上する,記述による説明の正確さが向上する,EFFECT,3,EFFECT_L2_基礎知識の定着と活用,198
EFFECT_L3_思考力が高まる,思考力が高まる,EFFECT,3,EFFECT_L2_科学的に考える力,199
UNIT_L4_天体の動きと地球の自転・公転（日周運動と自転）,天体の動きと地球の自転・公転（日周運動と自転）,UNIT,4,UNIT_L3_地学,200
ICT_L2_データ,データ,ICT,2,ICT_L1_ソフトウェア,201
ICT_L3_高知大学気象情報頁,高知大学気象情報頁,ICT,3,ICT_L2_データ,202
FUNCTION_L3_インターネット気象データの即時検索が可能,インターネット気象データの即時検索が可能,FUNCTION,3,FUNCTION_L2_データ・現象の可視化,203
FUNCTION_L3_複数生徒による画面共有が可能,複数生徒による画面共有が可能,FUNCTION,3,FUNCTION_L2_共同編集・共同作業,204
OPPORTUNITY_L3_気象データの比較結果をもとに進路の特徴について意見を交わす活動,気象データの比較結果をもとに、進路の特徴について意見を交わす活動,OPPORTUNITY,3,OPPORTUNITY_L2_意見や考察を交換し多様な視点を取りいれる討議活動,205
OPPORTUNITY_L3_班で気象画像を分析しその内容をもとに考察を記述する活動,班で気象画像を分析し、その内容をもとに考察を記述する活動,OPPORTUNITY,3,OPPORTUNITY_L2_観察や実験の結果をもとに科学的に考察を深める探究,206
EFFECT_L3_考察を正確にまとめる力が高まる,考察を正確にまとめる力が高まる,EFFECT,3,EFFECT_L2_結果を分析し考察する力,207
UNIT_L4_天気の変化,天気の変化,UNIT,4,UNIT_L3_地学,208
FUNCTION_L3_観察画像の撮影・保存が可能,観察画像の撮影・保存が可能,FUNCTION,3,FUNCTION_L2_データ・画像の記録,209
FUNCTION_L3_撮影画像を用いた比較観察が可能,撮影画像を用いた比較観察が可能,FUNCTION,3,FUNCTION_L2_比較・探索機能,210
OPPORTUNITY_L3_撮影画像を基に比較・考察する活動,撮影画像を基に比較・考察する活動,OPPORTUNITY,3,OPPORTUNITY_L2_観察や実験の結果をもとに科学的に考察を深める探究,211
OPPORTUNITY_L3_班内で観察結果を共有し議論する活動,班内で観察結果を共有し議論する活動,OPPORTUNITY,3,OPPORTUNITY_L2_意見や考察を交換し多様な視点を取りいれる討議活動,212
EFFECT_L2_観察・実験の技能の習得,観察・実験の技能の習得,EFFECT,2,,213
EFFECT_L3_実験の手順や方法に関する理解が深まる,実験の手順や方法に関する理解が深まる,EFFECT,3,EFFECT_L2_観察・実験の技能の習得,214
EFFECT_L3_でんぷんの生成や植物のはたらきに対する興味・関心が高まる,でんぷんの生成や植物のはたらきに対する興味・関心が高まる,EFFECT,3,EFFECT_L2_理科への興味・関心・意欲,215
UNIT_L4_植物の養分と水の通り道（でんぷんのでき方）,植物の養分と水の通り道（でんぷんのでき方）,UNIT,4,UNIT_L3_生物,216
ICT_L3_IWB(電子黒板),IWB(電子黒板),ICT,3,ICT_L2_表示機器,217
FUNCTION_L3_実験結果の記録が可能,実験結果の記録が可能,FUNCTION,3,FUNCTION_L2_学習ログ・記録の整理,218
FUNCTION_L3_実験結果の共有が可能,実験結果の共有が可能,FUNCTION,3,FUNCTION_L2_データ・資料の共有,219
OPPORTUNITY_L2_実験結果の記録,実験結果の記録,OPPORTUNITY,2,,220
OPPORTUNITY_L3_実験で得られた結果を記録・整理する活動,実験で得られた結果を記録・整理する活動,OPPORTUNITY,3,OPPORTUNITY_L2_実験結果の記録,221
EFFECT_L3_実験・観察で得られた結果をもとにした科学的な思考が深まる,実験・観察で得られた結果をもとにした、科学的な思考が深まる,EFFECT,3,EFFECT_L2_科学的に考える力,222
EFFECT_L3_科学的な表現力が向上する,科学的な表現力が向上する,EFFECT,3,EFFECT_L2_科学的に表現し説明する力,223
UNIT_L4_水溶液とイオン（原子の成り立ちとイオン）,水溶液とイオン（原子の成り立ちとイオン）,UNIT,4,UNIT_L3_化学,224
FUNCTION_L3_天体の動きを視覚的に確認できることが可能,天体の動きを視覚的に確認できることが可能,FUNCTION,3,FUNCTION_L2_空間・地形情報の可視化,225
FUNCTION_L3_反復学習が可能,反復学習が可能,FUNCTION,3,FUNCTION_L2_学習支援・管理,226
OPPORTUNITY_L3_星の連続的な動きを視覚的に観察する活動,星の連続的な動きを視覚的に観察する活動,OPPORTUNITY,3,OPPORTUNITY_L2_天体や自然現象の時間的変化を捉える観察,227
OPPORTUNITY_L2_その他の探究,その他の探究,OPPORTUNITY,2,,228
OPPORTUNITY_L3_生徒が自分の理解度に合わせて内容を繰り返し学ぶ活動,生徒が自分の理解度に合わせて内容を繰り返し学ぶ活動,OPPORTUNITY,3,OPPORTUNITY_L2_その他の探究,229
EFFECT_L3_天体の動きに関する理解が深まる,天体の動きに関する理解が深まる,EFFECT,3,EFFECT_L2_自然現象等の理解,230
EFFECT_L3_星の動きや位置変化に対する興味・関心が高まる,星の動きや位置変化に対する興味・関心が高まる,EFFECT,3,EFFECT_L2_理科への興味・関心・意欲,231
UNIT_L4_天体の動きと地球の自転・公転,天体の動きと地球の自転・公転,UNIT,4,UNIT_L3_地学,232
ICT_L3_WebKF,WebKF,ICT,3,ICT_L2_学習支援・学習管理システム,233
FUNCTION_L3_他者（他班）ノートの閲覧が可能,他者（他班）ノートの閲覧が可能,FUNCTION,3,FUNCTION_L2_データ・資料の共有,234
FUNCTION_L3_情報探索活動の蓄積が可能,情報探索活動の蓄積が可能,FUNCTION,3,FUNCTION_L2_比較・探索機能,235
OPPORTUNITY_L3_他班のデジタルノートを参照し自班の実験計画を検討する活動,他班のデジタルノートを参照し、自班の実験計画を検討する活動,OPPORTUNITY,3,OPPORTUNITY_L2_仮説を立て・検証計画を立案する探究,236
OPPORTUNITY_L3_デジタルノートの内容を参照しそれをもとに対面で意見を交わす活動,デジタルノートの内容を参照し、それをもとに対面で意見を交わす活動,OPPORTUNITY,3,OPPORTUNITY_L2_意見や考察を交換し多様な視点を取りいれる討議活動,237
EFFECT_L3_他者の知識や考えを活用して自分の理解を深める学びが促進される,他者の知識や考えを活用して、自分の理解を深める学びが促進される,EFFECT,3,EFFECT_L2_協同的に学ぶ力・社会とのつながり,238
EFFECT_L3_オンライン上での相互交流が対面での対話や協働的学びを促進する,オンライン上での相互交流が、対面での対話や協働的学びを促進する,EFFECT,3,EFFECT_L2_協同的に学ぶ力・社会とのつながり,239
UNIT_L4_ものの溶け方,ものの溶け方,UNIT,4,UNIT_L3_化学,240
ICT_L3_Mitaka_Plus,Mitaka Plus,ICT,3,ICT_L2_シミュレーションソフト,241
ICT_L3_スクリーン,スクリーン,ICT,3,ICT_L2_表示機器,242
FUNCTION_L3_天体の動きを時間経過に応じて連続的に再現することが可能,天体の動きを時間経過に応じて連続的に再現することが可能,FUNCTION,3,FUNCTION_L2_空間・地形情報の可視化,243
FUNCTION_L3_観測の日時や観測地点を変更して天体の位置を比較観察することが可能,観測の日時や観測地点を変更して天体の位置を比較観察することが可能,FUNCTION,3,FUNCTION_L2_空間・地形情報の可視化,244
FUNCTION_L3_撮影した観察地点のパノラマ写真を地上画像として取り込むことが可能,撮影した観察地点のパノラマ写真を地上画像として取り込むことが可能,FUNCTION,3,FUNCTION_L2_空間・地形情報の可視化,245
FUNCTION_L3_表示画面全体を水平方向に回転させて視点の変化を再現することが可能,表示画面全体を水平方向に回転させて視点の変化を再現することが可能,FUNCTION,3,FUNCTION_L2_空間・地形情報の可視化,246
OPPORTUNITY_L2_空間的配置や方位の変化を捉える観察,空間的配置や方位の変化を捉える観察,OPPORTUNITY,2,,247
OPPORTUNITY_L3_地上画像を分析して方位を判断し空間的な位置関係を理解する活動,地上画像を分析して方位を判断し、空間的な位置関係を理解する活動,OPPORTUNITY,3,OPPORTUNITY_L2_空間的配置や方位の変化を捉える観察,248
EFFECT_L3_方位や位置関係に関する理解が深まる,方位や位置関係に関する理解が深まる,EFFECT,3,EFFECT_L2_自然現象等の理解,249
EFFECT_L3_月や星の動きに対する興味・関心が高まる,月や星の動きに対する興味・関心が高まる,EFFECT,3,EFFECT_L2_理科への興味・関心・意欲,250
UNIT_L4_月と星,月と星,UNIT,4,UNIT_L3_地学,251
ICT_L3_ロイロノート・スクール,ロイロノート・スクール,ICT,3,ICT_L2_学習支援・学習管理システム,252
FUNCTION_L3_学習記録の可視化が可能,学習記録の可視化が可能,FUNCTION,3,FUNCTION_L2_学習ログ・記録の整理,253
FUNCTION_L3_学習プロセスの俯瞰的把握が可能,学習プロセスの俯瞰的把握が可能,FUNCTION,3,FUNCTION_L2_学習支援・管理,254
OPPORTUNITY_L3_グループで協働して発表内容を構成しプレゼンテーションとして発信する活動,グループで協働して発表内容を構成し、プレゼンテーションとして発信する活動,OPPORTUNITY,3,OPPORTUNITY_L2_学びの成果を発表・伝達する活動,255
OPPORTUNITY_L3_過去のデータを振り返りその内容をもとに考察する活動,過去のデータを振り返り、その内容をもとに考察する活動,OPPORTUNITY,3,OPPORTUNITY_L2_観察や実験の結果をもとに科学的に考察を深める探究,256
EFFECT_L3_行動的エンゲージメントの増加が促進される,行動的エンゲージメントの増加が促進される,EFFECT,3,EFFECT_L2_主体的に学習に取り組む力,257
EFFECT_L3_振り返りを通じて学習を調整するメタ認知的な力が育まれる,振り返りを通じて学習を調整するメタ認知的な力が育まれる,EFFECT,3,EFFECT_L2_主体的に学習に取り組む力,258
EFFECT_L3_協働して学ぶための工夫（方略の活用）が促される,協働して学ぶための工夫（方略の活用）が促される,EFFECT,3,EFFECT_L2_協同的に学ぶ力・社会とのつながり,259
UNIT_L4_光と音,光と音,UNIT,4,UNIT_L3_物理,260
FUNCTION_L3_他者の資料を個人端末で参照することが可能,他者の資料を個人端末で参照することが可能,FUNCTION,3,FUNCTION_L2_データ・資料の共有,261
FUNCTION_L3_即時的な意見共有が可能,即時的な意見共有が可能,FUNCTION,3,FUNCTION_L2_意見・評価の共有,262
OPPORTUNITY_L3_個人が自らの判断で内容や構成を決め資料を作成する活動,個人が自らの判断で内容や構成を決め、資料を作成する活動,OPPORTUNITY,3,OPPORTUNITY_L2_学びを整理し自らの理解を表現する活動,263
OPPORTUNITY_L3_グループで協働しながら発表用資料を編集・構成する活動,グループで協働しながら発表用資料を編集・構成する活動,OPPORTUNITY,3,OPPORTUNITY_L2_学びを整理し自らの理解を表現する活動,264
OPPORTUNITY_L3_全員がクラウド上で即時に評価や感想を共有する活動,全員がクラウド上で即時に評価や感想を共有する活動,OPPORTUNITY,3,OPPORTUNITY_L2_観察や実験結果・考察などを共有し他者と比較・確認する活動,265
EFFECT_L3_自律的に学習に取り組む姿勢が育まれる,自律的に学習に取り組む姿勢が育まれる,EFFECT,3,EFFECT_L2_主体的に学習に取り組む力,266
EFFECT_L3_学習への自信や有能感が高まる,学習への自信や有能感が高まる,EFFECT,3,EFFECT_L2_主体的に学習に取り組む力,267
EFFECT_L3_結合と結晶に関する理解が深まる,結合と結晶に関する理解が深まる,EFFECT,3,EFFECT_L2_科学的概念・法則の理解,268
UNIT_L4_物質の成り立ち,物質の成り立ち,UNIT,4,UNIT_L3_化学,269
OPPORTUNITY_L3_学習者が自らの判断で条件や手順を決め個別に実験を行う活動,学習者が自らの判断で条件や手順を決め、個別に実験を行う活動,OPPORTUNITY,3,OPPORTUNITY_L2_条件を操作して変化や法則を確かめる実験,270
OPPORTUNITY_L3_実験で得られたデータをデジタルで共有する活動,実験で得られたデータをデジタルで共有する活動,OPPORTUNITY,3,OPPORTUNITY_L2_観察や実験結果・考察などを共有し他者と比較・確認する活動,271
EFFECT_L3_電流と磁界の関係に関する理解が深まる,電流と磁界の関係に関する理解が深まる,EFFECT,3,EFFECT_L2_科学的概念・法則の理解,272
UNIT_L4_電流と磁界,電流と磁界,UNIT,4,UNIT_L3_物理,273
FUNCTION_L3_共有フォルダを通じた相互参照を特徴とする,共有フォルダを通じた相互参照を特徴とする,FUNCTION,3,FUNCTION_L2_データ・資料の共有,274
OPPORTUNITY_L3_共有フォルダを利用して互いの資料や結果を参照し合う活動,共有フォルダを利用して互いの資料や結果を参照し合う活動,OPPORTUNITY,3,OPPORTUNITY_L2_他者の成果を参照し自らの考えを再構成する活動,275
OPPORTUNITY_L2_学びを振り返り理解を再構築する探究,学びを振り返り理解を再構築する探究,OPPORTUNITY,2,,276
OPPORTUNITY_L3_自らの表現を振り返って改善点を見出し内容を修正する活動,自らの表現を振り返って改善点を見出し、内容を修正する活動,OPPORTUNITY,3,OPPORTUNITY_L2_学びを振り返り理解を再構築する探究,277
EFFECT_L3_他者の考えや回答を比較・検討し自分の考えを深める力が育まれる,他者の考えや回答を比較・検討し、自分の考えを深める力が育まれる,EFFECT,3,EFFECT_L2_結果を分析し考察する力,278
UNIT_L2_高等学校1年,高等学校1年,UNIT,2,UNIT_L1_高等学校,279
UNIT_L4_化学反応（酸化と還元）,化学反応（酸化と還元）,UNIT,4,UNIT_L3_化学,280
ICT_L3_Instagram,Instagram,ICT,3,ICT_L2_コミュニケーション・共有ツール,281
FUNCTION_L3_写真撮影とコメントの同時記録が可能,写真撮影とコメントの同時記録が可能,FUNCTION,3,FUNCTION_L2_データ・画像の記録,282
FUNCTION_L3_観察結果の経時的記録が可能,観察結果の経時的記録が可能,FUNCTION,3,FUNCTION_L2_学習ログ・記録の整理,283
FUNCTION_L3_ハッシュタグによる検索・分類が可能,ハッシュタグによる検索・分類が可能,FUNCTION,3,FUNCTION_L2_データ・画像の記録,284
FUNCTION_L3_外部ユーザーとの相互交流が可能,外部ユーザーとの相互交流が可能,FUNCTION,3,FUNCTION_L2_リアルタイム通信・対話,285
FUNCTION_L2_画像・データ加工,画像・データ加工,FUNCTION,2,FUNCTION_L1_編集・加工系機能,286
FUNCTION_L3_画像加工が可能,画像加工が可能,FUNCTION,3,FUNCTION_L2_画像・データ加工,287
OPPORTUNITY_L3_SNS上で観察結果を発信し他者からの反応を受け取る活動,SNS上で観察結果を発信し、他者からの反応を受け取る活動,OPPORTUNITY,3,OPPORTUNITY_L2_遠隔交流や専門家との対話を通して学びを広げる活動,288
OPPORTUNITY_L3_観察記録を加工・編集し自分の観察視点を明確にして表現する活動,観察記録を加工・編集し、自分の観察視点を明確にして表現する活動,OPPORTUNITY,3,OPPORTUNITY_L2_学びを整理し自らの理解を表現する活動,289
EFFECT_L3_観察記録の正確さや精度が高まる,観察記録の正確さや精度が高まる,EFFECT,3,EFFECT_L2_観察・実験の技能の習得,290
EFFECT_L3_美的感性と創造的な表現が豊かになる,美的感性と創造的な表現が豊かになる,EFFECT,3,EFFECT_L2_科学的に表現し説明する力,291
UNIT_L4_生態系とその保全,生態系とその保全,UNIT,4,UNIT_L3_生物,292
ICT_L3_Microsoft_Teams_Education,Microsoft Teams Education,ICT,3,ICT_L2_学習支援・学習管理システム,293
FUNCTION_L3_学習記録の検索が可能,学習記録の検索が可能,FUNCTION,3,FUNCTION_L2_学習ログ・記録の整理,294
FUNCTION_L3_学習記録の分類が可能,学習記録の分類が可能,FUNCTION,3,FUNCTION_L2_学習ログ・記録の整理,295
FUNCTION_L3_学習記録の整理が可能,学習記録の整理が可能,FUNCTION,3,FUNCTION_L2_学習ログ・記録の整理,296
OPPORTUNITY_L3_個人端末を活用して自らの学習内容や過程を振り返る活動,個人端末を活用して、自らの学習内容や過程を振り返る活動,OPPORTUNITY,3,OPPORTUNITY_L2_学びを振り返り理解を再構築する探究,297
EFFECT_L3_電流とその利用に関する内容への興味や楽しさが促される,電流とその利用に関する内容への興味や楽しさが促される,EFFECT,3,EFFECT_L2_理科への興味・関心・意欲,298
ICT_L3_Panoweaver,Panoweaver,ICT,3,ICT_L2_メディア・映像・画像,299
ICT_L2_撮影機器,撮影機器,ICT,2,ICT_L1_ハードウェア,300
ICT_L3_THETA,THETA,ICT,3,ICT_L2_撮影機器,301
ICT_L3_360度映像,360度映像,ICT,3,ICT_L2_メディア・映像・画像,302
FUNCTION_L3_360視点で太陽の日周運動を観察することが可能,360°視点で太陽の日周運動を観察することが可能,FUNCTION,3,FUNCTION_L2_空間・地形情報の可視化,303
FUNCTION_L3_方位と時間を同時に確認することが可能,方位と時間を同時に確認することが可能,FUNCTION,3,FUNCTION_L2_空間・地形情報の可視化,304
FUNCTION_L3_身体動作により太陽の運動をトレースすることが可能,身体動作により太陽の運動をトレースすることが可能,FUNCTION,3,FUNCTION_L2_空間・地形情報の可視化,305
FUNCTION_L3_地上視点から太陽の動きを観察することが可能,地上視点から太陽の動きを観察することが可能,FUNCTION,3,FUNCTION_L2_空間・地形情報の可視化,306
FUNCTION_L3_グリッド線により方位を視覚的に把握することが可能,グリッド線により方位を視覚的に把握することが可能,FUNCTION,3,FUNCTION_L2_空間・地形情報の可視化,307
FUNCTION_L3_俯瞰視点で自分の身体動作を観察することが可能,俯瞰視点で自分の身体動作を観察することが可能,FUNCTION,3,FUNCTION_L2_映像・画像の表示・拡大,308
OPPORTUNITY_L3_太陽の動きをトレースする活動,太陽の動きをトレースする活動,OPPORTUNITY,3,OPPORTUNITY_L2_天体や自然現象の時間的変化を捉える観察,309
OPPORTUNITY_L3_グリッド線を手がかりに太陽の位置と方位を正確に認識する活動,グリッド線を手がかりに、太陽の位置と方位を正確に認識する活動,OPPORTUNITY,3,OPPORTUNITY_L2_空間的配置や方位の変化を捉える観察,310
OPPORTUNITY_L3_方位や建物を目印に月の高さと方向を観察して空間的な位置を把握する活動,方位や建物を目印に、月の高さと方向を観察して空間的な位置を把握する活動,OPPORTUNITY,3,OPPORTUNITY_L2_空間的配置や方位の変化を捉える観察,311
EFFECT_L3_南中位置と季節の違いに関する理解が深まる,南中位置と季節の違いに関する理解が深まる,EFFECT,3,EFFECT_L2_自然現象等の理解,312
EFFECT_L3_日の出・日の入りの方位に関する理解が深まる,日の出・日の入りの方位に関する理解が深まる,EFFECT,3,EFFECT_L2_自然現象等の理解,313
UNIT_L4_天体の動きと地球の自転・公転（年周運動と公転）,天体の動きと地球の自転・公転（年周運動と公転）,UNIT,4,UNIT_L3_地学,314
ICT_L3_Photoshop,Photoshop,ICT,3,ICT_L2_メディア・映像・画像,315
ICT_L3_2Dシミュレーション,2Dシミュレーション,ICT,3,ICT_L2_シミュレーションソフト,316
FUNCTION_L3_既知の地上画像を背景として星の動きを再現することが可能,既知の地上画像を背景として星の動きを再現することが可能,FUNCTION,3,FUNCTION_L2_空間・地形情報の可視化,317
FUNCTION_L3_星の動きや方位を視覚的に比較することが可能,星の動きや方位を視覚的に比較することが可能,FUNCTION,3,FUNCTION_L2_空間・地形情報の可視化,318
OPPORTUNITY_L2_モデル化された現象の観察,モデル化された現象の観察,OPPORTUNITY,2,,319
OPPORTUNITY_L3_既知の地上画像を背景に天体の動きをシミュレーションで観察する活動,既知の地上画像を背景に、天体の動きをシミュレーションで観察する活動,OPPORTUNITY,3,OPPORTUNITY_L2_モデル化された現象の観察,320
EFFECT_L3_星の動きや位置方位の関係に関する理解が深まる,星の動きや位置、方位の関係に関する理解が深まる,EFFECT,3,EFFECT_L2_自然現象等の理解,321
ICT_L3_Chromebook,Chromebook,ICT,3,ICT_L2_タブレット端末,322
FUNCTION_L3_テキスト・図表・写真をスライド上で自由に編集することが可能,テキスト・図表・写真をスライド上で自由に編集することが可能,FUNCTION,3,FUNCTION_L2_資料・スライド作成,323
FUNCTION_L3_クラウド上で学習記録を自動保存・共有することが可能,クラウド上で学習記録を自動保存・共有することが可能,FUNCTION,3,FUNCTION_L2_学習ログ・記録の整理,324
FUNCTION_L3_端末カメラを用いて実験結果を撮影・挿入することが可能,端末カメラを用いて実験結果を撮影・挿入することが可能,FUNCTION,3,FUNCTION_L2_資料・スライド作成,325
OPPORTUNITY_L3_考察内容をデジタルノートに整理しその内容を共有する活動,考察内容をデジタルノートに整理し、その内容を共有する活動,OPPORTUNITY,3,OPPORTUNITY_L2_観察や実験結果・考察などを共有し他者と比較・確認する活動,326
OPPORTUNITY_L3_クラウド上に保存された学習履歴を時系列で振り返る活動,クラウド上に保存された学習履歴を時系列で振り返る活動,OPPORTUNITY,3,OPPORTUNITY_L2_学びを振り返り理解を再構築する探究,327
OPPORTUNITY_L3_実験の過程・結果を写真で記録し整理する活動,実験の過程・結果を写真で記録し、整理する活動,OPPORTUNITY,3,OPPORTUNITY_L2_実験結果の記録,328
EFFECT_L3_消化の仕組みの理解が深まる,消化の仕組みの理解が深まる,EFFECT,3,EFFECT_L2_科学的概念・法則の理解,329
EFFECT_L3_自分の考えを整理する力が高まる,自分の考えを整理する力が高まる,EFFECT,3,EFFECT_L2_科学的に表現し説明する力,330
EFFECT_L3_消化・吸収の学習に取り組もうとする意欲が高まる,消化・吸収の学習に取り組もうとする意欲が高まる,EFFECT,3,EFFECT_L2_理科への興味・関心・意欲,331
UNIT_L4_動物の体のつくりと働き,動物の体のつくりと働き,UNIT,4,UNIT_L3_生物,332
FUNCTION_L3_他班のスライド閲覧による比較が可能,他班のスライド閲覧による比較が可能,FUNCTION,3,FUNCTION_L2_比較・探索機能,333
FUNCTION_L3_過去の作業履歴や成果を保存・参照が可能,過去の作業履歴や成果を保存・参照が可能,FUNCTION,3,FUNCTION_L2_学習ログ・記録の整理,334
OPPORTUNITY_L3_他班のスライドを参照し内容や表現の特徴を比較する活動,他班のスライドを参照し、内容や表現の特徴を比較する活動,OPPORTUNITY,3,OPPORTUNITY_L2_他者の成果を参照し自らの考えを再構成する活動,335
OPPORTUNITY_L3_班内で共有したスライドを基に意見を出し合い意見交換する活動,班内で共有したスライドを基に意見を出し合い、意見交換する活動,OPPORTUNITY,3,OPPORTUNITY_L2_意見や考察を交換し多様な視点を取りいれる討議活動,336
EFFECT_L3_電気エネルギーの変換や保存に関する理解が深まる,電気エネルギーの変換や保存に関する理解が深まる,EFFECT,3,EFFECT_L2_科学的概念・法則の理解,337
EFFECT_L3_他者の考えや意見を取り入れながら自分の制作や表現を改善・発展させる力が高まる,他者の考えや意見を取り入れながら、自分の制作や表現を改善・発展させる力が高まる,EFFECT,3,EFFECT_L2_協同的に学ぶ力・社会とのつながり,338
EFFECT_L3_発表や説明に対する自信が育まれる,発表や説明に対する自信が育まれる,EFFECT,3,EFFECT_L2_科学的に表現し説明する力,339
UNIT_L4_電流（電気とそのエネルギー）,電流（電気とそのエネルギー）,UNIT,4,UNIT_L3_物理,340
ICT_L3_生物マップ作成アプリ（BESマップ）,生物マップ作成アプリ（BESマップ）,ICT,3,ICT_L2_観測・記録アプリ,341
FUNCTION_L3_生物写真の地図上配置が可能,生物写真の地図上配置が可能,FUNCTION,3,FUNCTION_L2_空間・地形情報の可視化,342
FUNCTION_L3_観察結果の共有が可能,観察結果の共有が可能,FUNCTION,3,FUNCTION_L2_データ・資料の共有,343
FUNCTION_L3_オフラインで地図利用が可能,オフラインで地図利用が可能,FUNCTION,3,FUNCTION_L2_空間・地形情報の可視化,344
FUNCTION_L3_季節別マップ比較が可能,季節別マップ比較が可能,FUNCTION,3,FUNCTION_L2_空間・地形情報の可視化,345
OPPORTUNITY_L3_校内の植物を観察しその様子を撮影して記録する活動,校内の植物を観察し、その様子を撮影して記録する活動,OPPORTUNITY,3,OPPORTUNITY_L2_観察結果の記録,346
OPPORTUNITY_L3_観察結果を全員で共有し互いの結果を比較・確認する活動,観察結果を全員で共有し、互いの結果を比較・確認する活動,OPPORTUNITY,3,OPPORTUNITY_L2_観察や実験結果・考察などを共有し他者と比較・確認する活動,347
EFFECT_L3_観察結果の相互確認が促される,観察結果の相互確認が促される,EFFECT,3,EFFECT_L2_観察・実験の技能の習得,348
EFFECT_L3_植物の季節による変化や生長のしくみに関する理解が深まる,植物の季節による変化や生長のしくみに関する理解が深まる,EFFECT,3,EFFECT_L2_自然現象等の理解,349
UNIT_L4_季節と生物（植物の成長と季節）,季節と生物（植物の成長と季節）,UNIT,4,UNIT_L3_生物,350
ICT_L3_モバイル顕微鏡（Tissue180倍）,モバイル顕微鏡（Tissue180倍）,ICT,3,ICT_L2_撮影機器,351
FUNCTION_L3_ピント合わせをほとんど行わずに観察対象の捉えが可能,ピント合わせをほとんど行わずに観察対象の捉えが可能,FUNCTION,3,FUNCTION_L2_映像・画像の表示・拡大,352
FUNCTION_L3_上下左右の逆転なく観察場所の操作が可能,上下左右の逆転なく観察場所の操作が可能,FUNCTION,3,FUNCTION_L2_学習支援・管理,353
OPPORTUNITY_L3_画面を共有しながら協働的に対象を観察し意見を交わす活動,画面を共有しながら、協働的に対象を観察し意見を交わす活動,OPPORTUNITY,3,OPPORTUNITY_L2_意見や考察を交換し多様な視点を取りいれる討議活動,354
EFFECT_L3_発話の質の向上が促される,発話の質の向上が促される,EFFECT,3,EFFECT_L2_科学的に表現し説明する力,355
EFFECT_L3_観察した内容の特徴や変化に気づきやすくなり現象を捉える視点が深まる,観察した内容の特徴や変化に気づきやすくなり、現象を捉える視点が深まる,EFFECT,3,EFFECT_L2_観察・実験の技能の習得,356
UNIT_L4_人の体のつくりと働き,人の体のつくりと働き,UNIT,4,UNIT_L3_生物,357
ICT_L2_その他ソフトウェア,その他ソフトウェア,ICT,2,ICT_L1_ソフトウェア,358
ICT_L3_ホワイトボードアプリ,ホワイトボードアプリ,ICT,3,ICT_L2_その他ソフトウェア,359
ICT_L3_はたらく細胞素材画像,「はたらく細胞」素材画像,ICT,3,ICT_L2_メディア・映像・画像,360
FUNCTION_L3_イラスト教材の位置やサイズを自由に調整する操作が可能,イラスト教材の位置やサイズを自由に調整する操作が可能,FUNCTION,3,FUNCTION_L2_画像・データ加工,361
FUNCTION_L3_オンライン上で複数の生徒が共同作業を行うことが可能,オンライン上で複数の生徒が共同作業を行うことが可能,FUNCTION,3,FUNCTION_L2_共同編集・共同作業,362
OPPORTUNITY_L3_アニメキャラクターを用いたイラスト教材の並べ替える活動,アニメキャラクターを用いたイラスト教材の並べ替える活動,OPPORTUNITY,3,OPPORTUNITY_L2_その他の探究,363
OPPORTUNITY_L3_ペアで協働しながら免疫のしくみを説明しその内容を発表して共有する活動,ペアで協働しながら免疫のしくみを説明し、その内容を発表して共有する活動,OPPORTUNITY,3,OPPORTUNITY_L2_学びの成果を発表・伝達する活動,364
EFFECT_L3_免疫のしくみや働きに関する理解が深まる,免疫のしくみや働きに関する理解が深まる,EFFECT,3,EFFECT_L2_科学的概念・法則の理解,365
EFFECT_L3_免疫のしくみに対する興味・関心が高まる,免疫のしくみに対する興味・関心が高まる,EFFECT,3,EFFECT_L2_理科への興味・関心・意欲,366
EFFECT_L3_積極的・主体的に学習へ取り組もうとする態度が育まれる,積極的・主体的に学習へ取り組もうとする態度が育まれる,EFFECT,3,EFFECT_L2_主体的に学習に取り組む力,367
EFFECT_L3_免疫に関する知識の定着,免疫に関する知識の定着,EFFECT,3,EFFECT_L2_基礎知識の定着と活用,368
UNIT_L4_免疫（免疫の働き）,免疫（免疫の働き）,UNIT,4,UNIT_L3_生物,369
ICT_L3_ビデオ会議システム,ビデオ会議システム,ICT,3,ICT_L2_コミュニケーション・共有ツール,370
ICT_L3_ビデオメッセージ,ビデオメッセージ,ICT,3,ICT_L2_メディア・映像・画像,371
FUNCTION_L3_遠隔地との専門家対話が可能,遠隔地との専門家対話が可能,FUNCTION,3,FUNCTION_L2_リアルタイム通信・対話,372
FUNCTION_L3_他校種児童との質疑応答が可能,他校種児童との質疑応答が可能,FUNCTION,3,FUNCTION_L2_リアルタイム通信・対話,373
OPPORTUNITY_L3_異なる校種の児童・生徒とオンラインでの交流,異なる校種の児童・生徒とオンラインでの交流,OPPORTUNITY,3,OPPORTUNITY_L2_遠隔交流や専門家との対話を通して学びを広げる活動,374
OPPORTUNITY_L3_専門家とオンラインで対話する活動,専門家とオンラインで対話する活動,OPPORTUNITY,3,OPPORTUNITY_L2_遠隔交流や専門家との対話を通して学びを広げる活動,375
OPPORTUNITY_L3_小学生など他者への説明を想定して科学的内容をわかりやすく表現する活動,小学生など他者への説明を想定して、科学的内容をわかりやすく表現する活動,OPPORTUNITY,3,OPPORTUNITY_L2_学びの成果を発表・伝達する活動,376
EFFECT_L3_生物の成長と生殖に関する理解が深まる,生物の成長と生殖に関する理解が深まる,EFFECT,3,EFFECT_L2_科学的概念・法則の理解,377
EFFECT_L2_科学的態度・人間性の涵養,科学的態度・人間性の涵養,EFFECT,2,,378
EFFECT_L3_生命を尊ぶ態度が育まれる,生命を尊ぶ態度が育まれる,EFFECT,3,EFFECT_L2_科学的態度・人間性の涵養,379
UNIT_L4_生物の成長と殖え方,生物の成長と殖え方,UNIT,4,UNIT_L3_生物,380
ICT_L3_力センサー（Vernier社_DFSBTA）,力センサー（Vernier社 DFS-BTA）,ICT,3,ICT_L2_センサー・計測機器,381
ICT_L3_Logger_Pro_3,Logger Pro 3,ICT,3,ICT_L2_観測・記録アプリ,382
FUNCTION_L3_力の大きさと向きのリアルタイム可視化が可能,力の大きさと向きのリアルタイム可視化が可能,FUNCTION,3,FUNCTION_L2_データ・現象の可視化,383
OPPORTUNITY_L3_力の変化をリアルタイムに観察する活動,力の変化をリアルタイムに観察する活動,OPPORTUNITY,3,OPPORTUNITY_L2_物理量やエネルギーの変化を捉える観察,384
OPPORTUNITY_L3_理論値と実測値を比較しその違いや関係を考察する活動,理論値と実測値を比較し、その違いや関係を考察する活動,OPPORTUNITY,3,OPPORTUNITY_L2_観察や実験の結果をもとに科学的に考察を深める探究,385
EFFECT_L3_力の作用と反作用の関係に関する理解が深まる,力の作用と反作用の関係に関する理解が深まる,EFFECT,3,EFFECT_L2_科学的概念・法則の理解,386
EFFECT_L3_作用・反作用への興味・関心が高まる,作用・反作用への興味・関心が高まる,EFFECT,3,EFFECT_L2_理科への興味・関心・意欲,387
EFFECT_L3_測定値と理論値の関係に対する理解が深まり実験結果の妥当性を判断する力が高まる,測定値と理論値の関係に対する理解が深まり、実験結果の妥当性を判断する力が高まる,EFFECT,3,EFFECT_L2_観察・実験の技能の習得,388
UNIT_L2_高等学校2年,高等学校2年,UNIT,2,UNIT_L1_高等学校,389
UNIT_L4_様々な力とその働き,様々な力とその働き,UNIT,4,UNIT_L3_物理,390
EFFECT_L3_張力に対する興味や関心が高まりが促される,張力に対する興味や関心が高まりが促される,EFFECT,3,EFFECT_L2_理科への興味・関心・意欲,391
EFFECT_L3_理論と実験の関係に関する理解が深まる,理論と実験の関係に関する理解が深まる,EFFECT,3,EFFECT_L2_基礎知識の定着と活用,392
ICT_L3_高校生が簡単に測定解析できる実験用アプリ,高校生が簡単に測定解析できる実験用アプリ,ICT,3,ICT_L2_観測・記録アプリ,393
ICT_L3_Analog_Discovery_2（AD変換器）,Analog Discovery 2（A/D変換器）,ICT,3,ICT_L2_センサー・計測機器,394
FUNCTION_L3_力の時間変化を自動でグラフ化が可能,力の時間変化を自動でグラフ化が可能,FUNCTION,3,FUNCTION_L2_データ・現象の可視化,395
OPPORTUNITY_L2_その他の実験,その他の実験,OPPORTUNITY,2,,396
OPPORTUNITY_L3_班で衝突実験を行い力積を測定する活動,班で衝突実験を行い、力積を測定する活動,OPPORTUNITY,3,OPPORTUNITY_L2_その他の実験,397
EFFECT_L3_力積と運動量変化の関係に関する理解が深まる,力積と運動量変化の関係に関する理解が深まる,EFFECT,3,EFFECT_L2_科学的概念・法則の理解,398
EFFECT_L3_力積に関する理解が深まる,力積に関する理解が深まる,EFFECT,3,EFFECT_L2_科学的概念・法則の理解,399
UNIT_L4_様々な力とその働き（運動の法則）,様々な力とその働き（運動の法則）,UNIT,4,UNIT_L3_物理,400
FUNCTION_L3_電流の時間変化の自動測定が可能,電流の時間変化の自動測定が可能,FUNCTION,3,FUNCTION_L2_データ・現象の可視化,401
OPPORTUNITY_L3_電流の時間変化を測定する活動,電流の時間変化を測定する活動,OPPORTUNITY,3,OPPORTUNITY_L2_物理量やエネルギーの変化を捉える観察,402
EFFECT_L3_電流と電気量の関係に関する理解が深まる,電流と電気量の関係に関する理解が深まる,EFFECT,3,EFFECT_L2_科学的概念・法則の理解,403
UNIT_L4_電気（電気の利用）,電気（電気の利用）,UNIT,4,UNIT_L3_物理,404
ICT_L3_Excel,Excel,ICT,3,ICT_L2_表計算ソフト,405
ICT_L3_Microsoft_Stream,Microsoft Stream,ICT,3,ICT_L2_コミュニケーション・共有ツール,406
ICT_L3_(実験)動画配信,(実験)動画配信,ICT,3,ICT_L2_メディア・映像・画像,407
FUNCTION_L3_実験手順の動画による繰り返し確認が可能,実験手順の動画による繰り返し確認が可能,FUNCTION,3,FUNCTION_L2_学習支援・管理,408
FUNCTION_L3_実験手順の統一的提示が可能,実験手順の統一的提示が可能,FUNCTION,3,FUNCTION_L2_学習支援・管理,409
OPPORTUNITY_L3_動画教材を参考にしながら個々のペースで実験を進める活動,動画教材を参考にしながら、個々のペースで実験を進める活動,OPPORTUNITY,3,OPPORTUNITY_L2_その他の実験,410
EFFECT_L3_実験の成功率が向上する,実験の成功率が向上する,EFFECT,3,EFFECT_L2_観察・実験の技能の習得,411
EFFECT_L3_電圧と電流の関係（オームの法則）の理解が深まる,電圧と電流の関係（オームの法則）の理解が深まる,EFFECT,3,EFFECT_L2_科学的概念・法則の理解,412
EFFECT_L3_実験手順を説明する時間が短縮される,実験手順を説明する時間が短縮される,EFFECT,3,EFFECT_L2_授業の効率化,413
UNIT_L4_電流（電流・電圧と抵抗）,電流（電流・電圧と抵抗）,UNIT,4,UNIT_L3_物理,414
ICT_L3_inaNami_Simulator,inaNami Simulator,ICT,3,ICT_L2_シミュレーションソフト,415
FUNCTION_L3_任意視点から水面（波形）を観察することが可能,任意視点から水面（波形）を観察することが可能,FUNCTION,3,FUNCTION_L2_データ・現象の可視化,416
FUNCTION_L3_波形の時間変化の制御が可能,波形の時間変化の制御が可能,FUNCTION,3,FUNCTION_L2_データ・現象の可視化,417
FUNCTION_L3_波源の位置・波長・周期・振幅の調整が可能,波源の位置・波長・周期・振幅の調整が可能,FUNCTION,3,FUNCTION_L2_データ・現象の可視化,418
OPPORTUNITY_L3_波の干渉縞を観察しその位置やパターンを探索する活動,波の干渉縞を観察し、その位置やパターンを探索する活動,OPPORTUNITY,3,OPPORTUNITY_L2_モデル化された現象の観察,419
OPPORTUNITY_L3_波のパラメータ（波長・振幅など）を変化させ干渉条件の違いを比較する活動,波のパラメータ（波長・振幅など）を変化させ、干渉条件の違いを比較する活動,OPPORTUNITY,3,OPPORTUNITY_L2_条件を操作して変化や法則を確かめる実験,420
EFFECT_L3_波形の時間的変化に関する理解が深まる,波形の時間的変化に関する理解が深まる,EFFECT,3,EFFECT_L2_科学的概念・法則の理解,421
EFFECT_L3_波の式の構造に関する理解が深まる,波の式の構造に関する理解が深まる,EFFECT,3,EFFECT_L2_科学的概念・法則の理解,422
UNIT_L4_波（波の性質）,波（波の性質）,UNIT,4,UNIT_L3_物理,423
ICT_L3_タブレット顕微鏡,タブレット顕微鏡,ICT,3,ICT_L2_撮影機器,424
FUNCTION_L3_拡大画像の表示が可能,拡大画像の表示が可能,FUNCTION,3,FUNCTION_L2_映像・画像の表示・拡大,425
OPPORTUNITY_L2_その他の観察,その他の観察,OPPORTUNITY,2,,426
OPPORTUNITY_L3_自作した顕微鏡を用いた観察,自作した顕微鏡を用いた観察,OPPORTUNITY,3,OPPORTUNITY_L2_その他の観察,427
EFFECT_L3_生物観察（顕微鏡観察）に対する意欲が向上・持続する,生物観察（顕微鏡観察）に対する意欲が向上・持続する,EFFECT,3,EFFECT_L2_理科への興味・関心・意欲,428
UNIT_L4_生物の特徴,生物の特徴,UNIT,4,UNIT_L3_生物,429
ICT_L3_Kahoot,Kahoot!,ICT,3,ICT_L2_コミュニケーション・共有ツール,430
FUNCTION_L3_4択クイズの出題が可能,4択クイズの出題が可能,FUNCTION,3,FUNCTION_L2_学習支援・管理,431
FUNCTION_L3_クイズ回答の即時集計結果の提示が可能,クイズ回答の即時集計結果の提示が可能,FUNCTION,3,FUNCTION_L2_意見・評価の共有,432
FUNCTION_L3_複数端末による同時回答が可能,複数端末による同時回答が可能,FUNCTION,3,FUNCTION_L2_学習支援・管理,433
OPPORTUNITY_L3_生徒の回答に対する即時フィードバックを受ける活動,生徒の回答に対する即時フィードバックを受ける活動,OPPORTUNITY,3,OPPORTUNITY_L2_学びを振り返り理解を再構築する探究,434
OPPORTUNITY_L3_生徒同士のディスカッションを通して意見を共有し考えの違いを比較する活動,生徒同士のディスカッションを通して意見を共有し、考えの違いを比較する活動,OPPORTUNITY,3,OPPORTUNITY_L2_意見や考察を交換し多様な視点を取りいれる討議活動,435
EFFECT_L3_物理的な概念や法則に対する誤解の訂正が促される,物理的な概念や法則に対する誤解の訂正が促される,EFFECT,3,EFFECT_L2_科学的に考える力,436
EFFECT_L3_見かけの重力についての学習意欲が高まる,見かけの重力についての学習意欲が高まる,EFFECT,3,EFFECT_L2_理科への興味・関心・意欲,437
UNIT_L4_様々な力とその働き（力のつり合い）,様々な力とその働き（力のつり合い）,UNIT,4,UNIT_L3_物理,438
ICT_L3_Google_Classroom_Stream,Google Classroom Stream,ICT,3,ICT_L2_学習支援・学習管理システム,439
FUNCTION_L3_生徒の意見収集と可視化が可能,生徒の意見収集と可視化が可能,FUNCTION,3,FUNCTION_L2_学習支援・管理,440
FUNCTION_L3_意見やノートのデジタル共有が可能,意見やノートのデジタル共有が可能,FUNCTION,3,FUNCTION_L2_データ・資料の共有,441
OPPORTUNITY_L2_その他の活動,その他の活動,OPPORTUNITY,2,,442
OPPORTUNITY_L3_生徒の全員参加型の意見投稿活動,生徒の全員参加型の意見投稿活動,OPPORTUNITY,3,OPPORTUNITY_L2_その他の活動,443
OPPORTUNITY_L3_実験データを共有し得られた情報を分析する活動,実験データを共有し、得られた情報を分析する活動,OPPORTUNITY,3,OPPORTUNITY_L2_データを収集し分析・整理する探究,444
EFFECT_L3_生徒の発言や討論への参加が活発になり協働的な学びが促進される,生徒の発言や討論への参加が活発になり、協働的な学びが促進される,EFFECT,3,EFFECT_L2_協同的に学ぶ力・社会とのつながり,445
UNIT_L4_運動の表し方,運動の表し方,UNIT,4,UNIT_L3_物理,446
ICT_L3_Desmos,Desmos,ICT,3,ICT_L2_シミュレーションソフト,447
FUNCTION_L3_波の式とグラフの対応を即時に確認することが可能,波の式とグラフの対応を即時に確認することが可能,FUNCTION,3,FUNCTION_L2_データ・現象の可視化,448
FUNCTION_L3_パラメータ操作による波形変化の比較が可能,パラメータ操作による波形変化の比較が可能,FUNCTION,3,FUNCTION_L2_データ・現象の可視化,449
FUNCTION_L3_独自の式や設定を使ったシミュレーション作成が可能,独自の式や設定を使ったシミュレーション作成が可能,FUNCTION,3,FUNCTION_L2_データ・現象の可視化,450
OPPORTUNITY_L3_波の式とグラフの関係を個別に探究する活動,波の式とグラフの関係を個別に探究する活動,OPPORTUNITY,3,OPPORTUNITY_L2_条件を操作して変化や法則を確かめる実験,451
EFFECT_L3_仮説を立てて検証する思考力が育まれる,仮説を立てて検証する思考力が育まれる,EFFECT,3,EFFECT_L2_科学的に考える力,452
EFFECT_L3_数理的に探究する力が育まれる,数理的に探究する力が育まれる,EFFECT,3,EFFECT_L2_科学的に考える力,453
FUNCTION_L3_タブレットの方向・傾きに応じた天体(月)表示が可能,タブレットの方向・傾きに応じた天体(月)表示が可能,FUNCTION,3,FUNCTION_L2_空間・地形情報の可視化,454
FUNCTION_L3_異なる時間帯での天体位置の比較が可能,異なる時間帯での天体位置の比較が可能,FUNCTION,3,FUNCTION_L2_空間・地形情報の可視化,455
OPPORTUNITY_L3_タブレットをかざして月の位置を探索しその空間的な動きを観察する活動,タブレットをかざして月の位置を探索し、その空間的な動きを観察する活動,OPPORTUNITY,3,OPPORTUNITY_L2_空間的配置や方位の変化を捉える観察,456
EFFECT_L3_月の高度変化に関する理解が深まる,月の高度変化に関する理解が深まる,EFFECT,3,EFFECT_L2_自然現象等の理解,457
UNIT_L4_月と星（月の形と位置の変化）,月と星（月の形と位置の変化）,UNIT,4,UNIT_L3_地学,458
ICT_L2_3Dプリンター,3Dプリンター,ICT,2,ICT_L1_ハードウェア,459
ICT_L3_3Dプリンター,3Dプリンター,ICT,3,ICT_L2_3Dプリンター,460
ICT_L3_3Dモデリングソフトウェア（Meshmixer）,3Dモデリングソフトウェア（Meshmixer）,ICT,3,ICT_L2_その他ソフトウェア,461
ICT_L3_立体模型を作る（地理院地図編）,立体模型を作る（地理院地図編）,ICT,3,ICT_L2_その他ソフトウェア,462
FUNCTION_L2_教材作成,教材作成,FUNCTION,2,FUNCTION_L1_学習支援・管理系機能,463
FUNCTION_L3_地形データから実寸地形模型の造形が可能,地形データから実寸地形模型の造形が可能,FUNCTION,3,FUNCTION_L2_教材作成,464
FUNCTION_L3_複数の同一模型を個別配布することが可能,複数の同一模型を個別配布することが可能,FUNCTION,3,FUNCTION_L2_学習支援・管理,465
FUNCTION_L3_液体流下による噴火現象の可視化が可能,液体流下による噴火現象の可視化が可能,FUNCTION,3,FUNCTION_L2_空間・地形情報の可視化,466
FUNCTION_L3_油性ペンによる火口や噴石範囲の描写が可能,油性ペンによる火口や噴石範囲の描写が可能,FUNCTION,3,FUNCTION_L2_教材作成,467
OPPORTUNITY_L3_地形図と模型を対応づけて方位を確認する活動,地形図と模型を対応づけて方位を確認する活動,OPPORTUNITY,3,OPPORTUNITY_L2_空間的配置や方位の変化を捉える観察,468
OPPORTUNITY_L3_３Dモデル上に噴石の到達範囲を描く活動,３Dモデル上に噴石の到達範囲を描く活動,OPPORTUNITY,3,OPPORTUNITY_L2_モデル化された現象の観察,469
OPPORTUNITY_L3_着色水を使って火山泥流の流れを再現しその流下の様子を観察する活動,着色水を使って火山泥流の流れを再現し、その流下の様子を観察する活動,OPPORTUNITY,3,OPPORTUNITY_L2_モデル化された現象の観察,470
EFFECT_L3_地形と火山現象との関係に関する理解が深まる,地形と火山現象との関係に関する理解が深まる,EFFECT,3,EFFECT_L2_自然現象等の理解,471
EFFECT_L3_地域の防災や災害に対する意識が高まる,地域の防災や災害に対する意識が高まる,EFFECT,3,EFFECT_L2_科学的態度・人間性の涵養,472
EFFECT_L3_火山のしくみや活動に対する関心・興味が高まる,火山のしくみや活動に対する関心・興味が高まる,EFFECT,3,EFFECT_L2_理科への興味・関心・意欲,473
UNIT_L4_土地のつくりと変化,土地のつくりと変化,UNIT,4,UNIT_L3_地学,474
UNIT_L4_自然の恵みと火山災害・地震災害（自然の恵みと火山災害・地震災害）,自然の恵みと火山災害・地震災害（自然の恵みと火山災害・地震災害）,UNIT,4,UNIT_L3_地学,475
ICT_L3_気象庁アメダスデータ,気象庁アメダスデータ,ICT,3,ICT_L2_データ,476
ICT_L3_サーモグラフィー撮影機器,サーモグラフィー撮影機器,ICT,3,ICT_L2_撮影機器,477
ICT_L3_サーモグラフィー画像,サーモグラフィー画像,ICT,3,ICT_L2_メディア・映像・画像,478
FUNCTION_L3_実際の気象データを用いた気温変化の可視化が可能,実際の気象データを用いた気温変化の可視化が可能,FUNCTION,3,FUNCTION_L2_データ・現象の可視化,479
FUNCTION_L3_都市と郊外の気温差を定量的に比較する分析が可能,都市と郊外の気温差を定量的に比較する分析が可能,FUNCTION,3,FUNCTION_L2_データ・現象の可視化,480
FUNCTION_L3_都市と郊外の表面温度分布を色で視覚的に比較することが可能,都市と郊外の表面温度分布を色で視覚的に比較することが可能,FUNCTION,3,FUNCTION_L2_データ・現象の可視化,481
OPPORTUNITY_L3_都市と郊外の気温グラフを比較しヒートアイランド現象（UHI）の日変化を考察する活動,都市と郊外の気温グラフを比較し、ヒートアイランド現象（UHI）の日変化を考察する活動,OPPORTUNITY,3,OPPORTUNITY_L2_観察や実験の結果をもとに科学的に考察を深める探究,482
OPPORTUNITY_L3_サーモグラフィー画像を比較し放射冷却の違いを科学的に探究する活動,サーモグラフィー画像を比較し、放射冷却の違いを科学的に探究する活動,OPPORTUNITY,3,OPPORTUNITY_L2_観察や実験の結果をもとに科学的に考察を深める探究,483
EFFECT_L3_ヒートアイランド現象の強度変化や日周期に関する理解が深まる,ヒートアイランド現象の強度変化や日周期に関する理解が深まる,EFFECT,3,EFFECT_L2_自然現象等の理解,484
UNIT_L4_地球の環境（日本の自然環境）,地球の環境（日本の自然環境）,UNIT,4,UNIT_L3_地学,485
ICT_L2_生成AI,生成AI,ICT,2,ICT_L1_ソフトウェア,486
ICT_L3_ChatGPT,ChatGPT,ICT,3,ICT_L2_生成AI,487
FUNCTION_L3_児童の記述への即時的フィードバックが可能,児童の記述への即時的フィードバックが可能,FUNCTION,3,FUNCTION_L2_意見・評価の共有,488
FUNCTION_L3_児童の評価基準を反映したフィードバックが可能,児童の評価基準を反映したフィードバックが可能,FUNCTION,3,FUNCTION_L2_意見・評価の共有,489
FUNCTION_L3_児童全員の記述のフィードバック同時に得ることが可能,児童全員の記述のフィードバック同時に得ることが可能,FUNCTION,3,FUNCTION_L2_意見・評価の共有,490
FUNCTION_L3_児童の表現内容をデジタルデータとして保存・共有することが可能,児童の表現内容をデジタルデータとして保存・共有することが可能,FUNCTION,3,FUNCTION_L2_学習ログ・記録の整理,491
OPPORTUNITY_L3_児童が受け取ったフィードバックの内容や根拠を批判的に検討する活動,児童が受け取ったフィードバックの内容や根拠を批判的に検討する活動,OPPORTUNITY,3,OPPORTUNITY_L2_学びを振り返り理解を再構築する探究,492
OPPORTUNITY_L3_児童同士が自分の記述を共有する活動,児童同士が自分の記述を共有する活動,OPPORTUNITY,3,OPPORTUNITY_L2_観察や実験結果・考察などを共有し他者と比較・確認する活動,493
EFFECT_L3_批判的に考える力が育まれる,批判的に考える力が育まれる,EFFECT,3,EFFECT_L2_科学的に考える力,494
UNIT_L4_電気の利用,電気の利用,UNIT,4,UNIT_L3_物理,495
